date,country,hpi,hicp,inflation_yoy,unemployment_rate,housing_overburden_rate,ecb_main_refinancing_rate
2014-01-01,Alemania,93.8,99.06666666666666,0.9510869565217517,4.8,15.9,0.25
2014-04-01,Alemania,95.7,99.2,0.9155645981688831,4.7,15.9,0.25
2014-07-01,Alemania,96.2,99.66666666666667,0.7751937984495916,4.6,15.9,0.15
2014-10-01,Alemania,96.2,99.33333333333333,0.43815301651499716,4.6,15.9,0.05
2015-01-01,Alemania,97.8,98.93333333333334,-0.13458950201883368,4.5,15.6,0.05
2015-04-01,Alemania,99.9,100.43333333333334,1.2432795698924748,4.4,15.6,0.05
2015-07-01,Alemania,100.4,100.73333333333333,1.070234113712365,4.2,15.6,0.05
2015-10-01,Alemania,101.8,99.86666666666667,0.5369127516778649,4.3,15.6,0.05
2016-01-01,Alemania,103.9,99.06666666666666,0.13477088948785632,4.0,15.8,0.05
2016-04-01,Alemania,106.9,100.33333333333333,-0.09956853634252028,4.0,15.8,0.0
2016-07-01,Alemania,108.8,101.13333333333333,0.3970880211780159,3.8,15.8,0.0
2016-10-01,Alemania,110.4,100.89999999999999,1.0347129506007802,3.7,15.8,0.0
2017-01-01,Alemania,110.9,100.83333333333333,1.7833109017496573,3.7,14.5,0.0
2017-04-01,Alemania,113.1,102.0,1.661129568106312,3.6,14.5,0.0
2017-07-01,Alemania,115.0,102.96666666666665,1.8127883981542414,3.5,14.5,0.0
2017-10-01,Alemania,117.3,102.46666666666665,1.5526924347538884,3.4,14.5,0.0
2018-01-01,Alemania,118.3,102.3,1.454545454545464,3.2,14.2,0.0
2018-04-01,Alemania,120.6,103.96666666666665,1.9281045751633918,3.3,14.2,0.0
2018-07-01,Alemania,123.1,105.23333333333333,2.201359663321467,3.1,14.2,0.0
2018-10-01,Alemania,124.6,104.66666666666667,2.1470396877033338,3.1,14.2,0.0
2019-01-01,Alemania,124.6,103.90000000000002,1.5640273704790042,3.0,13.9,0.0
2019-04-01,Alemania,127.8,105.7,1.6672010259698666,2.9,13.9,0.0
2019-07-01,Alemania,129.6,106.3,1.0136205258156394,2.9,13.9,0.0
2019-10-01,Alemania,132.7,105.89999999999999,1.178343949044569,3.0,13.9,0.0
2020-01-01,Alemania,133.8,105.53333333333335,1.5720243824189906,3.3,9.0,0.0
2020-04-01,Alemania,136.2,106.43333333333334,0.6937874487543461,3.6,9.0,0.0
2020-07-01,Alemania,140.3,106.13333333333333,-0.15678896205707504,3.9,9.0,0.0
2020-10-01,Alemania,144.3,105.26666666666667,-0.5980484734025793,3.7,9.0,0.0
2021-01-01,Alemania,146.3,107.36666666666667,1.7372078332280383,3.9,11.0,0.0
2021-04-01,Alemania,151.8,108.73333333333333,2.1609771374882625,3.7,11.0,0.0
2021-07-01,Alemania,158.2,109.86666666666667,3.5175879396984966,3.4,11.0,0.0
2021-10-01,Alemania,162.5,111.0,5.446485117162769,3.4,11.0,0.0
2022-01-01,Alemania,164.1,113.89999999999999,6.08506674945668,3.1,11.9,0.0
2022-04-01,Alemania,167.4,117.73333333333333,8.277130594727167,3.1,11.9,0.0
2022-07-01,Alemania,166.3,120.2,9.40533980582523,3.2,11.9,0.5
2022-10-01,Alemania,158.5,123.0,10.81081081081081,3.1,11.9,1.25
2023-01-01,Alemania,153.7,123.83333333333333,8.721100380450686,3.0,13.0,2.5
2023-04-01,Alemania,151.6,125.83333333333333,6.879954699886737,3.0,13.0,3.5
2023-07-01,Alemania,149.3,127.10000000000001,5.740432612312807,3.1,13.0,4.25
2023-10-01,Alemania,146.4,126.7,3.0081300813008083,3.2,13.0,4.5
2024-01-01,Alemania,145.8,127.2,2.718707940780618,3.3,12.0,4.5
2024-04-01,Alemania,147.8,129.0666666666667,2.569536423841079,3.4,12.0,4.5
2024-07-01,Alemania,149.0,129.83333333333334,2.1505376344086002,3.5,12.0,4.25
2024-10-01,Alemania,149.2,129.9,2.525651144435681,3.4,12.0,3.4
2025-01-01,Alemania,150.9,130.46666666666667,2.5681341719077544,3.7,11.2,3.15
2025-04-01,Alemania,152.4,131.76666666666668,2.0919421487603174,3.8,11.2,2.4
2025-07-01,Alemania,153.6,132.5666666666667,2.1052631578947434,4.0,11.2,2.15
2025-10-01,Alemania,153.7,132.86666666666667,2.283808057480119,3.9,11.2,2.15
2014-01-01,Austria,92.89,98.50999999999999,1.4834655403316965,6.1,6.6,0.25
2014-04-01,Austria,94.35,99.40666666666668,1.5977923891936419,6.0,6.6,0.25
2014-07-01,Austria,95.32,99.08333333333333,1.509408189051653,6.0,6.6,0.15
2014-10-01,Austria,96.14,99.80666666666667,1.2546075546988833,6.1,6.6,0.05
2015-01-01,Austria,98.19,99.12666666666667,0.6259939769228229,6.0,6.4,0.05
2015-04-01,Austria,99.97,100.37666666666667,0.9757896854670989,6.3,6.4,0.05
2015-07-01,Austria,101.23,99.95666666666666,0.8814129520605674,6.1,6.4,0.05
2015-10-01,Austria,100.61,100.54,0.7347538574577595,6.3,6.4,0.05
2016-01-01,Austria,104.04,100.14333333333333,1.0256237810209123,6.4,7.2,0.05
2016-04-01,Austria,106.7,101.00333333333333,0.6243150798658448,6.6,7.2,0.0
2016-07-01,Austria,108.08,100.71666666666665,0.760329476106314,6.6,7.2,0.0
2016-10-01,Austria,108.0,102.02,1.472050925004953,6.2,7.2,0.0
2017-01-01,Austria,109.76,102.32666666666667,2.1802083680058537,6.1,7.1,0.0
2017-04-01,Austria,112.46,103.17999999999999,2.155044387973981,5.9,7.1,0.0
2017-07-01,Austria,113.67,102.94333333333333,2.2108224391858444,5.9,7.1,0.0
2017-10-01,Austria,112.65,104.44333333333333,2.37535123831929,5.8,7.1,0.0
2018-01-01,Austria,115.13,104.34333333333332,1.9708124307772357,5.4,6.8,0.0
2018-04-01,Austria,118.94,105.38333333333333,2.135426762292436,5.0,6.8,0.0
2018-07-01,Austria,120.1,105.25333333333333,2.2439529838422567,5.3,6.8,0.0
2018-10-01,Austria,121.15,106.66666666666667,2.128746050489916,5.1,6.8,0.0
2019-01-01,Austria,121.53,106.01333333333334,1.6004855764623294,5.1,7.0,0.0
2019-04-01,Austria,125.79,107.13666666666667,1.6637671991143632,4.8,7.0,0.0
2019-07-01,Austria,127.81,106.67333333333333,1.3491259184190474,4.8,7.0,0.0
2019-10-01,Austria,128.74,108.11,1.3531249999999995,4.6,7.0,0.0
2020-01-01,Austria,131.26,108.11,1.9777386492265014,4.7,6.3,0.0
2020-04-01,Austria,134.09,108.27,1.0578388973585096,6.9,6.3,0.0
2020-07-01,Austria,138.0,108.21,1.4405349665645772,6.4,6.3,0.0
2020-10-01,Austria,138.71,109.28333333333335,1.0853143403323884,6.3,6.3,0.0
2021-01-01,Austria,144.08,109.71333333333332,1.483057379829189,7.1,6.1,0.0
2021-04-01,Austria,149.12,111.05,2.5676549367322554,6.7,6.1,0.0
2021-07-01,Austria,153.52,111.54666666666667,3.083510458059946,5.5,6.1,0.0
2021-10-01,Austria,157.34,113.53333333333335,3.888973615982927,5.3,6.1,0.0
2022-01-01,Austria,164.63,115.77666666666669,5.526523667740202,4.7,7.4,0.0
2022-04-01,Austria,169.43,119.77999999999999,7.861323728050418,4.4,7.4,0.0
2022-07-01,Austria,173.59,122.58999999999999,9.900191250298818,4.9,7.4,0.5
2022-10-01,Austria,166.32,126.12,11.08631826189077,5.0,7.4,1.25
2023-01-01,Austria,164.35,128.04666666666665,10.59799038378484,5.0,6.0,2.5
2023-04-01,Austria,164.68,130.12,8.632492903656729,5.0,6.0,3.5
2023-07-01,Austria,164.29,130.83666666666667,6.727030481007157,5.3,6.0,4.25
2023-10-01,Austria,161.4,132.59333333333333,5.132677872925262,5.1,6.0,4.5
2024-01-01,Austria,159.54,133.32666666666668,4.123496641849345,4.9,6.3,4.5
2024-04-01,Austria,164.34,134.36666666666667,3.263654062916288,5.1,6.3,4.5
2024-07-01,Austria,165.13,133.95000000000002,2.3795572087335515,5.4,6.3,4.25
2024-10-01,Austria,163.23,135.1833333333333,1.9533410427874598,5.3,6.3,3.4
2025-01-01,Austria,165.17,137.74,3.310165508275409,5.4,6.5,3.15
2025-04-01,Austria,166.95,138.60333333333332,3.153063755891816,5.7,6.5,2.4
2025-07-01,Austria,167.87,139.19,3.911907428144823,5.7,6.5,2.15
2025-10-01,Austria,169.34,140.50666666666666,3.937862162495387,5.8,6.5,2.15
2014-01-01,Bulgaria,96.66,101.71333333333332,-1.8116291791356987,13.3,12.9,0.25
2014-04-01,Bulgaria,96.97,101.09666666666668,-1.628231325613816,12.2,12.9,0.25
2014-07-01,Bulgaria,97.21,101.06333333333333,-1.1798833154069266,12.4,12.9,0.15
2014-10-01,Bulgaria,98.32,100.43333333333334,-1.7798930760203335,11.7,12.9,0.05
2015-01-01,Bulgaria,98.85,99.95,-1.7336304647047163,10.9,14.8,0.05
2015-04-01,Bulgaria,99.71,100.50333333333333,-0.5868970292459474,10.6,14.8,0.05
2015-07-01,Bulgaria,99.21,100.12333333333333,-0.9301098321184753,9.8,14.8,0.05
2015-10-01,Bulgaria,102.23,99.41666666666667,-1.012280119482245,9.1,14.8,0.05
2016-01-01,Bulgaria,103.38,98.85666666666667,-1.0938802734700714,9.1,20.7,0.05
2016-04-01,Bulgaria,106.24,98.17666666666666,-2.315014427382178,8.8,20.7,0.0
2016-07-01,Bulgaria,107.94,99.03000000000002,-1.091986549921753,8.4,20.7,0.0
2016-10-01,Bulgaria,110.52,98.63999999999999,-0.781223805532294,7.9,20.7,0.0
2017-01-01,Bulgaria,112.66,99.61666666666667,0.7687898303941676,7.5,18.9,0.0
2017-04-01,Bulgaria,115.37,99.53666666666668,1.3852578684684147,7.1,18.9,0.0
2017-07-01,Bulgaria,117.62,99.89666666666666,0.8751556767309321,7.2,18.9,0.0
2017-10-01,Bulgaria,119.53,100.34333333333332,1.7268180589348425,6.8,18.9,0.0
2018-01-01,Bulgaria,120.65,101.17333333333333,1.5626568512631556,6.4,17.9,0.0
2018-04-01,Bulgaria,124.03,101.87666666666667,2.3508924684370713,6.2,17.9,0.0
2018-07-01,Bulgaria,124.99,103.51666666666667,3.623744536020568,6.3,17.9,0.0
2018-10-01,Bulgaria,126.15,103.33666666666666,2.9830913862405772,5.8,17.9,0.0
2019-01-01,Bulgaria,129.45,103.70333333333333,2.500658935160782,5.6,16.0,0.0
2019-04-01,Bulgaria,130.26,104.69666666666667,2.768052874390614,4.9,16.0,0.0
2019-07-01,Bulgaria,131.97,105.84333333333332,2.2476251811302417,5.0,16.0,0.0
2019-10-01,Bulgaria,133.99,105.73333333333333,2.3192800232250566,5.2,16.0,0.0
2020-01-01,Bulgaria,135.54,106.78333333333335,2.970010607180762,5.2,14.4,0.0
2020-04-01,Bulgaria,134.07,105.82000000000001,1.072940876818751,6.5,14.4,0.0
2020-07-01,Bulgaria,138.81,106.43,0.5542783359052894,6.2,14.4,0.0
2020-10-01,Bulgaria,141.23,106.06333333333333,0.3121059268600179,6.3,14.4,0.0
2021-01-01,Bulgaria,145.72,107.02666666666666,0.22787576088652006,5.9,11.6,0.0
2021-04-01,Bulgaria,146.23,108.17,2.22075222075222,5.4,11.6,0.0
2021-07-01,Bulgaria,150.9,109.54,2.9221084280747878,4.9,11.6,0.0
2021-10-01,Bulgaria,154.48,112.44333333333333,6.01527389295704,4.5,11.6,0.0
2022-01-01,Bulgaria,162.52,116.51666666666667,8.8669490469665,4.4,15.1,0.0
2022-04-01,Bulgaria,167.58,122.67333333333333,13.407907306400425,4.4,15.1,0.0
2022-07-01,Bulgaria,174.43,126.16000000000001,15.172539711520905,3.9,15.1,0.5
2022-10-01,Bulgaria,175.14,128.74666666666667,14.499155129991404,3.9,15.1,1.25
2023-01-01,Bulgaria,177.93,132.07333333333335,13.35145186668576,4.1,11.1,2.5
2023-04-01,Bulgaria,185.5,133.46,8.793000380414107,4.5,11.1,3.5
2023-07-01,Bulgaria,190.48,135.26000000000002,7.213062777425505,4.4,11.1,4.25
2023-10-01,Bulgaria,192.78,135.79,5.470691797845895,4.3,11.1,4.5
2024-01-01,Bulgaria,206.42,136.68666666666667,3.493008934430364,4.7,8.0,4.5
2024-04-01,Bulgaria,213.53,137.00333333333333,2.6549777711174283,4.2,8.0,4.5
2024-07-01,Bulgaria,221.91,138.27666666666667,2.2302725614865127,3.9,8.0,4.25
2024-10-01,Bulgaria,228.0,138.5533333333333,2.035005032280224,3.9,8.0,3.4
2025-01-01,Bulgaria,237.55,142.03,3.9091840218504537,3.6,6.9,3.15
2025-04-01,Bulgaria,246.65,141.01333333333332,2.926936084280185,3.5,6.9,2.4
2025-07-01,Bulgaria,256.01,143.32666666666668,3.652098449967456,3.7,6.9,2.15
2025-10-01,Bulgaria,256.71,143.63,3.6640523504787748,3.2,6.9,2.15
2014-01-01,Bélgica,97.43,99.24333333333334,0.9185817910650318,8.8,10.4,0.25
2014-04-01,Bélgica,97.42,99.69,0.6732419968357606,8.4,10.4,0.25
2014-07-01,Bélgica,98.81,99.24000000000001,0.37761294672959966,8.8,10.4,0.15
2014-10-01,Bélgica,99.2,99.36,-0.003354691536128218,8.7,10.4,0.05
2015-01-01,Bélgica,97.94,98.86,-0.386256003761809,8.9,9.4,0.05
2015-04-01,Bélgica,99.13,100.38,0.6921456515197155,8.6,9.4,0.05
2015-07-01,Bélgica,101.49,100.07,0.8363563079403225,8.3,9.4,0.05
2015-10-01,Bélgica,101.43,100.68666666666667,1.3352120236178155,8.7,9.4,0.05
2016-01-01,Bélgica,100.37,100.37333333333333,1.530784274057595,8.5,9.8,0.05
2016-04-01,Bélgica,101.42,102.03000000000002,1.6437537358039656,8.1,9.8,0.0
2016-07-01,Bélgica,103.63,102.01333333333334,1.9419739515672552,7.8,9.8,0.0
2016-10-01,Bélgica,103.9,102.66000000000001,1.959875521419585,7.3,9.8,0.0
2017-01-01,Bélgica,104.36,103.33999999999999,2.9556323060573764,7.9,9.4,0.0
2017-04-01,Bélgica,104.48,104.10666666666667,2.0353490803358465,7.2,9.4,0.0
2017-07-01,Bélgica,107.81,103.97333333333334,1.921317474839901,7.2,9.4,0.0
2017-10-01,Bélgica,107.14,104.71,1.9968829144749511,6.4,9.4,0.0
2018-01-01,Bélgica,107.37,104.96999999999998,1.5773175924133964,6.3,8.9,0.0
2018-04-01,Bélgica,108.51,106.35666666666667,2.1612448770491843,6.2,8.9,0.0
2018-07-01,Bélgica,110.64,106.81333333333333,2.7314696075916745,5.8,8.9,0.0
2018-10-01,Bélgica,110.06,107.60666666666667,2.766370610893598,5.8,8.9,0.0
2019-01-01,Bélgica,111.0,107.05666666666667,1.9878695500301857,5.8,8.4,0.0
2019-04-01,Bélgica,111.84,108.12,1.6579433980004499,5.5,8.4,0.0
2019-07-01,Bélgica,115.37,107.75,0.8769192360504219,5.3,8.4,0.0
2019-10-01,Bélgica,114.72,108.13666666666666,0.4925345393717695,5.3,8.4,0.0
2020-01-01,Bélgica,115.24,108.07666666666667,0.9527664476756792,5.2,7.7,0.0
2020-04-01,Bélgica,116.61,108.11666666666667,-0.0030829942039733993,5.3,7.7,0.0
2020-07-01,Bélgica,119.05,108.21333333333332,0.4300077339520314,6.5,7.7,0.0
2020-10-01,Bélgica,121.45,108.5,0.3359945747665183,6.0,7.7,0.0
2021-01-01,Bélgica,122.41,108.99,0.8450791105079736,6.8,7.6,0.0
2021-04-01,Bélgica,124.78,110.68333333333334,2.373978726684123,6.1,7.6,0.0
2021-07-01,Bélgica,128.04,111.77999999999999,3.295958600295701,6.3,7.6,0.0
2021-10-01,Bélgica,128.62,115.40333333333335,6.3625192012289,5.9,7.6,0.0
2022-01-01,Bélgica,130.02,118.92,9.110927608037445,5.4,7.5,0.0
2022-04-01,Bélgica,132.18,121.67999999999999,9.93525071525372,5.7,7.5,0.0
2022-07-01,Bélgica,134.96,124.05666666666667,10.982883044074686,5.4,7.5,0.5
2022-10-01,Bélgica,134.55,128.38,11.244620317148524,5.7,7.5,1.25
2023-01-01,Bélgica,135.04,125.96,5.919946182307423,5.7,7.8,2.5
2023-04-01,Bélgica,134.55,124.78333333333335,2.5504054350208305,5.6,7.8,3.5
2023-07-01,Bélgica,136.31,125.99333333333334,1.5611145444286212,5.3,7.8,4.25
2023-10-01,Bélgica,138.28,127.55,-0.6465181492444239,5.5,7.8,4.5
2024-01-01,Bélgica,139.36,129.70000000000002,2.969196570339805,5.8,6.7,4.5
2024-04-01,Bélgica,138.96,131.08666666666667,5.051422465607036,5.5,6.7,4.5
2024-07-01,Bélgica,141.16,131.9,4.6880787343245744,5.7,6.7,4.25
2024-10-01,Bélgica,142.18,133.38333333333333,4.573369920292691,5.8,6.7,3.4
2025-01-01,Bélgica,143.08,135.03333333333333,4.11205345669492,6.3,6.7,3.15
2025-04-01,Bélgica,142.94,134.92666666666665,2.929359711132573,6.0,6.7,2.4
2025-07-01,Bélgica,146.32,135.37333333333333,2.6333080616628646,6.2,6.7,2.15
2025-10-01,Bélgica,147.1,136.63666666666666,2.439085342996372,6.3,6.7,2.15
2014-01-01,Chequia,95.0,99.63333333333333,0.30201342281879207,6.5,10.5,0.25
2014-04-01,Chequia,95.8,99.76666666666667,0.2008704385671356,6.2,10.5,0.25
2014-07-01,Chequia,96.6,99.93333333333334,0.671591672263272,5.9,10.5,0.15
2014-10-01,Chequia,97.3,99.66666666666667,0.47043010752687575,5.8,10.5,0.05
2015-01-01,Chequia,98.3,99.63333333333333,0.0,5.7,10.4,0.05
2015-04-01,Chequia,99.4,100.46666666666665,0.7016371533578258,5.1,10.4,0.05
2015-07-01,Chequia,100.6,100.26666666666667,0.33355570380253496,4.8,10.4,0.05
2015-10-01,Chequia,101.7,99.66666666666667,0.0,4.6,10.4,0.05
2016-01-01,Chequia,103.0,100.06666666666666,0.4349280695884916,4.2,9.5,0.05
2016-04-01,Chequia,105.1,100.60000000000001,0.13271400132714994,4.0,9.5,0.0
2016-07-01,Chequia,107.7,100.8,0.5319148936170137,3.9,9.5,0.0
2016-10-01,Chequia,112.8,101.16666666666667,1.5050167224080369,3.6,9.5,0.0
2017-01-01,Chequia,116.2,102.56666666666666,2.4983344437041977,3.4,8.7,0.0
2017-04-01,Chequia,119.1,102.93333333333334,2.319416832339294,3.1,8.7,0.0
2017-07-01,Chequia,121.2,103.23333333333333,2.414021164021163,2.7,8.7,0.0
2017-10-01,Chequia,122.3,103.66666666666667,2.471169686985175,2.5,8.7,0.0
2018-01-01,Chequia,125.0,104.33333333333333,1.7224569385765331,2.3,7.8,0.0
2018-04-01,Chequia,128.7,105.06666666666666,2.072538860103612,2.3,7.8,0.0
2018-07-01,Chequia,131.9,105.56666666666666,2.2602518566354535,2.3,7.8,0.0
2018-10-01,Chequia,134.4,105.5,1.7684887459807008,2.1,7.8,0.0
2019-01-01,Chequia,137.2,106.76666666666667,2.332268370607027,2.0,6.9,0.0
2019-04-01,Chequia,140.6,107.63333333333333,2.4428934010152226,2.0,6.9,0.0
2019-07-01,Chequia,143.4,108.3,2.589201136722452,2.1,6.9,0.0
2019-10-01,Chequia,146.4,108.63333333333333,2.969984202211684,2.1,6.9,0.0
2020-01-01,Chequia,149.0,110.7,3.684046206681235,1.9,6.5,0.0
2020-04-01,Chequia,151.5,111.13333333333333,3.251780737070309,2.4,6.5,0.0
2020-07-01,Chequia,155.4,112.06666666666666,3.4779932286857385,2.8,6.5,0.0
2020-10-01,Chequia,159.5,111.56666666666666,2.700214789812838,3.1,6.5,0.0
2021-01-01,Chequia,168.9,113.10000000000001,2.168021680216814,3.3,6.2,0.0
2021-04-01,Chequia,177.6,114.2,2.759448110377938,3.1,6.2,0.0
2021-07-01,Chequia,189.8,115.73333333333333,3.271861986912561,2.7,6.2,0.0
2021-10-01,Chequia,200.6,117.16666666666667,5.019420376456529,2.3,6.2,0.0
2022-01-01,Chequia,210.0,124.66666666666667,10.226937813144698,2.2,6.9,0.0
2022-04-01,Chequia,217.2,131.36666666666667,15.032107413893758,2.3,6.9,0.0
2022-07-01,Chequia,219.4,135.86666666666667,17.396313364055317,2.2,6.9,0.5
2022-10-01,Chequia,214.5,136.5,16.500711237553347,2.3,6.9,1.25
2023-01-01,Chequia,211.8,147.06666666666666,17.967914438502675,2.5,9.1,2.5
2023-04-01,Chequia,211.0,147.93333333333334,12.611012433392531,2.6,9.1,3.5
2023-07-01,Chequia,211.7,148.79999999999998,9.519136408243355,2.6,9.1,4.25
2023-10-01,Chequia,212.3,147.9,8.351648351648366,2.7,9.1,4.5
2024-01-01,Chequia,214.3,150.53333333333333,2.357207615593837,2.7,9.2,4.5
2024-04-01,Chequia,219.9,151.9,2.681388012618302,2.6,9.2,4.5
2024-07-01,Chequia,224.7,152.6,2.553763440860224,2.5,9.2,4.25
2024-10-01,Chequia,230.2,152.53333333333333,3.13274735181428,2.6,9.2,3.4
2025-01-01,Chequia,235.6,154.73333333333335,2.7900797165633318,2.5,8.2,3.15
2025-04-01,Chequia,243.0,155.33333333333334,2.260258942286586,2.8,8.2,2.4
2025-07-01,Chequia,249.0,156.1,2.2935779816513735,2.9,8.2,2.15
2025-10-01,Chequia,254.1,155.53333333333333,1.9667832167832078,3.0,8.2,2.15
2014-01-01,Chipre,98.08,99.83666666666666,-1.2365626854843992,16.0,4.0,0.25
2014-04-01,Chipre,103.55,102.61,-0.14921015926563364,15.9,4.0,0.25
2014-07-01,Chipre,102.7,103.07333333333334,0.5626199225991169,16.2,4.0,0.15
2014-10-01,Chipre,101.56,100.77333333333333,-0.23100785426705128,16.6,4.0,0.05
2015-01-01,Chipre,97.52,98.88333333333333,-0.9548929918867466,16.5,3.9,0.05
2015-04-01,Chipre,100.59,100.71333333333332,-1.8484228307832362,15.1,3.9,0.05
2015-07-01,Chipre,102.49,100.93333333333334,-2.0761917081689396,14.8,3.9,0.05
2015-10-01,Chipre,99.4,99.46666666666665,-1.296639322572113,13.2,3.9,0.05
2016-01-01,Chipre,96.27,97.08999999999999,-1.8135850328670156,13.1,3.1,0.05
2016-04-01,Chipre,96.59,98.69333333333333,-2.0056927252267154,12.7,3.1,0.0
2016-07-01,Chipre,101.84,100.45333333333333,-0.4755614266842789,13.1,3.1,0.0
2016-10-01,Chipre,104.59,98.89,-0.5797587131367132,13.1,3.1,0.0
2017-01-01,Chipre,100.02,98.24666666666667,1.191334500635155,12.4,2.8,0.0
2017-04-01,Chipre,106.32,99.96333333333332,1.2868143744933835,11.4,2.8,0.0
2017-07-01,Chipre,106.5,100.63666666666666,0.18250597292273074,10.3,2.8,0.0
2017-10-01,Chipre,105.08,98.94,0.050561229649104256,10.3,2.8,0.0
2018-01-01,Chipre,102.43,97.49333333333334,-0.7667774988125098,9.7,2.0,0.0
2018-04-01,Chipre,100.34,100.76666666666667,0.8036279969322102,7.9,2.0,0.0
2018-07-01,Chipre,105.05,102.23,1.583253287403541,8.2,2.0,0.0
2018-10-01,Chipre,104.51,100.44666666666667,1.5228084360892291,7.9,2.0,0.0
2019-01-01,Chipre,110.15,98.79333333333334,1.3334245076586315,7.9,2.2,0.0
2019-04-01,Chipre,115.86,101.34333333333332,0.5722791928547633,7.0,2.2,0.0
2019-07-01,Chipre,110.85,102.31666666666666,0.08477615833577534,7.1,2.2,0.0
2019-10-01,Chipre,109.95,100.67666666666666,0.22897723501691392,6.6,2.2,0.0
2020-01-01,Chipre,115.55,99.39333333333333,0.607328429718601,6.8,1.9,0.0
2020-04-01,Chipre,118.83,99.70333333333333,-1.6182613557872427,7.1,1.9,0.0
2020-07-01,Chipre,115.51,99.97666666666667,-2.2870174295487766,8.2,1.9,0.0
2020-10-01,Chipre,120.06,99.59333333333332,-1.0760520478098279,8.2,1.9,0.0
2021-01-01,Chipre,110.02,98.93333333333334,-0.46280770004694105,7.8,2.4,0.0
2021-04-01,Chipre,116.01,101.33999999999999,1.6415365584567354,7.9,2.4,0.0
2021-07-01,Chipre,120.59,103.19,3.214083286100089,6.6,2.4,0.0
2021-10-01,Chipre,116.19,104.21666666666665,4.642211660753737,6.4,2.4,0.0
2022-01-01,Chipre,117.59,104.56,5.6873315363881405,5.9,2.6,0.0
2022-04-01,Chipre,120.21,110.25999999999999,8.802052496546287,6.4,2.6,0.0
2022-07-01,Chipre,130.94,113.21666666666665,9.71670381496914,6.3,2.6,0.5
2022-10-01,Chipre,124.14,112.66000000000001,8.101711178634275,6.6,2.6,1.25
2023-01-01,Chipre,131.69,111.39999999999999,6.54169854628921,6.1,2.6,2.5
2023-04-01,Chipre,132.2,114.05,3.437329947397072,5.9,2.6,3.5
2023-07-01,Chipre,136.52,116.91000000000001,3.262181657588714,5.7,2.6,4.25
2023-10-01,Chipre,137.98,115.64,2.6451269305876046,5.6,2.6,4.5
2024-01-01,Chipre,143.52,113.57666666666667,1.953919808497906,5.3,2.4,4.5
2024-04-01,Chipre,143.34,117.13666666666666,2.706415314920352,4.9,2.4,4.5
2024-07-01,Chipre,146.76,119.35000000000001,2.087075528184079,4.6,2.4,4.25
2024-10-01,Chipre,144.2,118.28333333333335,2.2858295860717304,4.7,2.4,3.4
2025-01-01,Chipre,150.25,116.35666666666667,2.4476858509670407,4.6,2.4,3.15
2025-04-01,Chipre,147.48,118.02666666666669,0.7597962493953281,4.5,2.4,2.4
2025-07-01,Chipre,152.93,119.39666666666666,0.03910068426196123,4.2,2.4,2.15
2025-10-01,Chipre,152.91,118.45666666666666,0.1465407918838757,4.1,2.4,2.15
2014-01-01,Croacia,102.94,99.45,0.06036824630244464,17.3,7.5,0.25
2014-04-01,Croacia,103.82,100.59333333333332,0.24914460352785106,17.2,7.5,0.25
2014-07-01,Croacia,103.0,101.01333333333334,0.3410483096586203,16.9,7.5,0.15
2014-10-01,Croacia,102.14,99.97333333333334,0.22724234727977688,17.6,7.5,0.05
2015-01-01,Croacia,101.05,99.12333333333333,-0.32847326964974277,16.6,7.2,0.05
2015-04-01,Croacia,99.13,100.58666666666666,-0.006627344423082437,16.2,7.2,0.05
2015-07-01,Croacia,99.86,100.73666666666666,-0.27389123548047234,16.8,7.2,0.05
2015-10-01,Croacia,99.96,99.55666666666666,-0.416777807415325,15.2,7.2,0.05
2016-01-01,Croacia,101.21,98.58,-0.5481386824494727,14.1,6.4,0.05
2016-04-01,Croacia,100.28,99.49666666666667,-1.0836426299045465,13.4,6.4,0.0
2016-07-01,Croacia,101.31,99.65666666666668,-1.072102180602874,12.1,6.4,0.0
2016-10-01,Croacia,100.75,99.75,0.19419426122477823,12.6,6.4,0.0
2017-01-01,Croacia,100.85,99.71,1.1462771353215606,12.6,5.8,0.0
2017-04-01,Croacia,104.55,100.63666666666666,1.1457670273710807,11.5,5.8,0.0
2017-07-01,Croacia,105.13,101.08999999999999,1.4382713984680384,10.0,5.8,0.0
2017-10-01,Croacia,108.45,101.22333333333334,1.4770258980785433,10.2,5.8,0.0
2018-01-01,Croacia,109.44,100.82000000000001,1.1132283622505401,9.3,5.1,0.0
2018-04-01,Croacia,109.26,102.44333333333333,1.7952369911563126,8.2,5.1,0.0
2018-07-01,Croacia,112.32,103.10666666666667,1.994922016684808,8.1,5.1,0.0
2018-10-01,Croacia,113.54,102.56,1.3205123983271339,7.7,5.1,0.0
2019-01-01,Croacia,117.55,101.64333333333333,0.8166369106658689,6.7,4.7,0.0
2019-04-01,Croacia,120.6,103.25,0.7874271955227385,6.6,4.7,0.0
2019-07-01,Croacia,121.36,103.79666666666667,0.6692098797361989,6.3,4.7,0.0
2019-10-01,Croacia,124.9,103.47666666666667,0.8937857514300651,6.7,4.7,0.0
2020-01-01,Croacia,128.25,102.81666666666668,1.1543632964942985,6.2,4.2,0.0
2020-04-01,Croacia,130.57,102.81,-0.42615012106537176,6.9,4.2,0.0
2020-07-01,Croacia,129.75,103.31,-0.46886540993609227,8.0,4.2,0.0
2020-10-01,Croacia,132.95,103.30666666666666,-0.1642882453371297,8.5,4.2,0.0
2021-01-01,Croacia,134.19,103.58,0.7424217863510885,9.2,4.5,0.0
2021-04-01,Croacia,139.03,105.10333333333334,2.2306520118017037,8.0,4.5,0.0
2021-07-01,Croacia,141.44,106.53666666666668,3.123285903268491,6.8,4.5,0.0
2021-10-01,Croacia,144.99,108.04666666666667,4.588280846670112,6.0,4.5,0.0
2022-01-01,Croacia,152.25,110.16333333333334,6.355795842183176,6.3,3.8,0.0
2022-04-01,Croacia,157.94,116.45,10.795724842218757,7.3,3.8,0.0
2022-07-01,Croacia,162.44,119.95333333333333,12.593473295578983,7.1,3.8,0.5
2022-10-01,Croacia,170.11,121.86333333333334,12.787684333929782,6.6,3.8,1.25
2023-01-01,Croacia,173.56,122.91666666666667,11.576749674725395,6.7,4.0,2.5
2023-04-01,Croacia,179.63,126.31666666666666,8.472878202375833,6.0,4.0,3.5
2023-07-01,Croacia,180.09,129.50333333333333,7.961429444784085,6.1,4.0,4.25
2023-10-01,Croacia,186.24,129.01,5.86449301129679,5.7,4.0,4.5
2024-01-01,Croacia,189.41,128.83333333333334,4.813559322033911,5.1,3.7,4.5
2024-04-01,Croacia,197.53,131.57000000000002,4.158860007916632,5.0,3.7,4.5
2024-07-01,Croacia,202.19,133.54666666666665,3.1221847571490935,5.4,3.7,4.25
2024-10-01,Croacia,205.01,134.19333333333333,4.017776399762285,4.8,3.7,3.4
2025-01-01,Croacia,214.18,134.87333333333333,4.688227684346691,5.0,3.2,3.15
2025-04-01,Croacia,223.65,137.11666666666667,4.215753337893635,5.1,3.2,2.4
2025-07-01,Croacia,230.07,139.69333333333336,4.602635782747622,4.5,3.2,2.15
2025-10-01,Croacia,237.93,139.59666666666666,4.026528888668102,4.8,3.2,2.15
2014-01-01,Dinamarca,91.22,99.63333333333333,0.4368279569892275,7.2,15.6,0.25
2014-04-01,Dinamarca,94.68,99.96666666666665,0.401740877134249,6.8,15.6,0.25
2014-07-01,Dinamarca,94.2,99.73333333333333,0.36900369003689537,7.0,15.6,0.15
2014-10-01,Dinamarca,93.82,99.76666666666667,0.2008704385671356,6.7,15.6,0.05
2015-01-01,Dinamarca,94.51,99.60000000000001,-0.03345600535294979,6.4,15.1,0.05
2015-04-01,Dinamarca,100.15,100.36666666666667,0.4001333777926108,6.4,15.1,0.05
2015-07-01,Dinamarca,102.58,100.10000000000001,0.3676470588235281,6.2,15.1,0.05
2015-10-01,Dinamarca,102.75,99.93333333333334,0.16705646508521355,6.1,15.1,0.05
2016-01-01,Dinamarca,99.31,99.66666666666667,0.0669344042838027,6.1,15.1,0.05
2016-04-01,Dinamarca,104.23,100.26666666666667,-0.09963467286616678,6.0,15.1,0.0
2016-07-01,Dinamarca,107.66,100.03333333333335,-0.06660006660006434,6.0,15.1,0.0
2016-10-01,Dinamarca,107.07,100.10000000000001,0.16677785190126748,5.9,15.1,0.0
2017-01-01,Dinamarca,105.3,100.5,0.836120401337781,6.2,15.7,0.0
2017-04-01,Dinamarca,109.77,100.96666666666665,0.6981382978723305,5.9,15.7,0.0
2017-07-01,Dinamarca,112.32,101.56666666666666,1.5328223925358042,5.9,15.7,0.0
2017-10-01,Dinamarca,111.61,101.26666666666667,1.1655011655011593,5.4,15.7,0.0
2018-01-01,Dinamarca,111.6,101.0,0.4975124378109541,5.2,14.7,0.0
2018-04-01,Dinamarca,115.88,101.89999999999999,0.9243974909211028,5.2,14.7,0.0
2018-07-01,Dinamarca,116.13,102.3,0.7220216606498298,4.8,14.7,0.0
2018-10-01,Dinamarca,114.74,101.96666666666665,0.6912442396313168,5.2,14.7,0.0
2019-01-01,Dinamarca,114.86,102.16666666666667,1.1551155115511635,5.2,15.6,0.0
2019-04-01,Dinamarca,117.45,102.60000000000001,0.6869479882237739,5.0,15.6,0.0
2019-07-01,Dinamarca,118.72,102.73333333333333,0.42359074617139836,4.8,15.6,0.0
2019-10-01,Dinamarca,117.5,102.63333333333333,0.6538084341288108,5.1,15.6,0.0
2020-01-01,Dinamarca,118.28,102.76666666666667,0.5872756933115841,4.9,14.1,0.0
2020-04-01,Dinamarca,120.79,102.56666666666666,-0.032488628979865375,5.5,14.1,0.0
2020-07-01,Dinamarca,123.65,103.16666666666667,0.4218040233614495,6.3,14.1,0.0
2020-10-01,Dinamarca,125.98,103.0,0.3572588502760654,5.9,14.1,0.0
2021-01-01,Dinamarca,129.02,103.36666666666667,0.583846902367835,6.1,15.5,0.0
2021-04-01,Dinamarca,136.23,104.33333333333333,1.7224569385765331,5.1,15.5,0.0
2021-07-01,Dinamarca,139.81,105.23333333333333,2.0032310177706014,4.8,15.5,0.0
2021-10-01,Dinamarca,140.05,106.56666666666666,3.462783171521022,4.5,15.5,0.0
2022-01-01,Dinamarca,141.45,108.93333333333334,5.385359561431802,4.3,14.7,0.0
2022-04-01,Dinamarca,143.96,112.93333333333334,8.242811501597448,4.3,14.7,0.0
2022-07-01,Dinamarca,144.39,115.96666666666665,10.199556541019938,4.6,14.7,0.5
2022-10-01,Dinamarca,140.99,117.46666666666665,10.228339067876124,4.6,14.7,1.25
2023-01-01,Dinamarca,135.13,117.63333333333333,7.986536107711117,4.7,15.4,2.5
2023-04-01,Dinamarca,135.67,117.03333333333335,3.630460448642281,4.9,15.4,3.5
2023-07-01,Dinamarca,138.07,118.33333333333333,2.0408163265306145,4.9,15.4,4.25
2023-10-01,Dinamarca,140.26,117.56666666666666,0.08513053348468969,5.9,15.4,4.5
2024-01-01,Dinamarca,136.66,118.53333333333335,0.7650892604137427,5.8,14.6,4.5
2024-04-01,Dinamarca,140.94,118.73333333333333,1.4525776132155999,6.1,14.6,4.5
2024-07-01,Dinamarca,145.27,119.73333333333333,1.183098591549303,6.4,14.6,4.25
2024-10-01,Dinamarca,145.57,119.53333333333335,1.6728097533314612,6.5,14.6,3.4
2025-01-01,Dinamarca,148.72,120.46666666666665,1.63104611923508,6.4,23.4,3.15
2025-04-01,Dinamarca,151.26,120.63333333333333,1.6002245929253256,6.3,23.4,2.4
2025-07-01,Dinamarca,154.48,122.23333333333333,2.087973273942101,6.5,23.4,2.15
2025-10-01,Dinamarca,156.61,121.93333333333334,2.0078081427774563,6.4,23.4,2.15
2014-01-01,Eslovaquia,93.4,100.30666666666667,-0.10954356846473168,13.8,9.0,0.25
2014-04-01,Eslovaquia,94.91,100.47666666666667,-0.10604805302401044,13.3,9.0,0.25
2014-07-01,Eslovaquia,94.81,100.37,-0.13928962292307778,12.9,9.0,0.15
2014-10-01,Eslovaquia,96.7,100.22666666666667,-0.05318441696583465,12.4,9.0,0.05
2015-01-01,Eslovaquia,98.26,99.80666666666667,-0.49847135451283053,12.2,9.1,0.05
2015-04-01,Eslovaquia,100.16,100.37333333333333,-0.1028431144876163,11.5,9.1,0.05
2015-07-01,Eslovaquia,100.23,100.05,-0.3188203646507959,11.3,9.1,0.05
2015-10-01,Eslovaquia,101.34,99.77,-0.45563389650127295,10.8,9.1,0.05
2016-01-01,Eslovaquia,103.15,99.33,-0.4775900073475503,10.3,7.7,0.05
2016-04-01,Eslovaquia,106.06,99.75,-0.621014877789583,9.8,7.7,0.0
2016-07-01,Eslovaquia,107.73,99.32666666666667,-0.7229718474096258,9.5,7.7,0.0
2016-10-01,Eslovaquia,109.72,99.66666666666667,-0.10357154789347733,9.0,7.7,0.0
2017-01-01,Eslovaquia,106.88,100.33,1.0067451927917137,8.6,8.4,0.0
2017-04-01,Eslovaquia,113.01,100.73333333333333,0.9857978279030899,8.2,8.4,0.0
2017-07-01,Eslovaquia,115.6,100.93333333333334,1.6175582253842524,7.9,8.4,0.0
2017-10-01,Eslovaquia,116.16,101.61333333333334,1.953177257525085,7.6,8.4,0.0
2018-01-01,Eslovaquia,119.56,102.76333333333334,2.425329745174265,7.1,4.1,0.0
2018-04-01,Eslovaquia,120.98,103.61,2.8557246856386387,6.7,4.1,0.0
2018-07-01,Eslovaquia,120.68,103.70333333333333,2.7443857331572064,6.3,4.1,0.0
2018-10-01,Eslovaquia,124.06,103.75666666666666,2.109303241044458,6.0,4.1,0.0
2019-01-01,Eslovaquia,126.39,105.24333333333334,2.41331214116578,5.8,5.7,0.0
2019-04-01,Eslovaquia,131.03,106.29666666666667,2.5930572982015843,5.7,5.7,0.0
2019-07-01,Eslovaquia,134.6,106.82666666666667,3.0117964707016887,5.8,5.7,0.0
2019-10-01,Eslovaquia,137.58,106.93666666666667,3.0648633019564997,5.7,5.7,0.0
2020-01-01,Eslovaquia,142.98,108.31333333333333,2.9170493776327744,6.0,3.2,0.0
2020-04-01,Eslovaquia,143.75,108.43333333333334,2.010097525792598,6.5,3.2,0.0
2020-07-01,Eslovaquia,145.89,108.46666666666665,1.5351972041937056,6.9,3.2,0.0
2020-10-01,Eslovaquia,147.47,108.65666666666668,1.6084286649418855,7.0,3.2,0.0
2021-01-01,Eslovaquia,145.74,109.41333333333334,1.015572105619511,7.1,7.1,0.0
2021-04-01,Eslovaquia,150.53,110.69,2.081155856132799,7.0,7.1,0.0
2021-07-01,Eslovaquia,157.59,112.16333333333334,3.408113091579623,6.6,7.1,0.0
2021-10-01,Eslovaquia,163.21,113.83666666666666,4.767309875141867,6.6,7.1,0.0
2022-01-01,Eslovaquia,166.42,118.72000000000001,8.505971240555699,6.3,2.5,0.0
2022-04-01,Eslovaquia,175.57,123.69666666666666,11.750534525852974,6.3,2.5,0.0
2022-07-01,Eslovaquia,180.57,127.03666666666668,13.260423786739572,6.0,2.5,0.5
2022-10-01,Eslovaquia,179.07,130.74666666666667,14.854616263066989,6.0,2.5,1.25
2023-01-01,Eslovaquia,178.82,136.65,15.102762803234505,6.1,5.9,2.5
2023-04-01,Eslovaquia,171.75,139.20666666666668,12.538737233555208,5.8,5.9,3.5
2023-07-01,Eslovaquia,173.2,139.28666666666666,9.642885256225231,5.8,5.9,4.25
2023-10-01,Eslovaquia,176.56,139.99666666666667,7.074750152967568,5.6,5.9,4.5
2024-01-01,Eslovaquia,173.51,141.61333333333334,3.6321502622270962,5.6,6.4,4.5
2024-04-01,Eslovaquia,178.7,142.67999999999998,2.495091231262836,5.4,6.4,4.5
2024-07-01,Eslovaquia,183.88,143.54,3.0536543339874545,5.3,6.4,4.25
2024-10-01,Eslovaquia,190.58,144.82666666666668,3.4500821448129715,5.2,6.4,3.4
2025-01-01,Eslovaquia,194.6,147.53666666666666,4.182751153375386,5.3,3.5,3.15
2025-04-01,Eslovaquia,198.85,148.79666666666665,4.286982524997662,5.4,3.5,2.4
2025-07-01,Eslovaquia,208.52,150.04666666666665,4.5329989317727915,5.4,3.5,2.15
2025-10-01,Eslovaquia,214.92,150.55333333333334,3.9541520898545235,5.6,3.5,2.15
2014-01-01,Eslovenia,101.51,100.02333333333333,0.5663918493196585,10.3,6.4,0.25
2014-04-01,Eslovenia,98.84,101.48,0.8346581875993575,9.4,6.4,0.25
2014-07-01,Eslovenia,97.77,100.80666666666667,0.0661769571834947,9.5,6.4,0.15
2014-10-01,Eslovenia,98.69,100.76333333333332,-1.1102230246251565e-14,9.6,6.4,0.05
2015-01-01,Eslovenia,100.11,99.47333333333331,-0.5498716966041317,9.3,6.1,0.05
2015-04-01,Eslovenia,102.38,100.62,-0.8474576271186418,9.3,6.1,0.05
2015-07-01,Eslovenia,98.77,100.03333333333335,-0.7671450300905991,8.8,6.1,0.05
2015-10-01,Eslovenia,98.74,99.87,-0.8865658804459109,8.5,6.1,0.05
2016-01-01,Eslovenia,100.94,98.61333333333333,-0.8645533141210193,8.4,5.7,0.05
2016-04-01,Eslovenia,102.84,100.22333333333334,-0.3942224872457323,7.9,5.7,0.0
2016-07-01,Eslovenia,103.69,100.01666666666667,-0.016661112962357283,7.6,5.7,0.0
2016-10-01,Eslovenia,105.54,100.53000000000002,0.6608591168519196,8.1,5.7,0.0
2017-01-01,Eslovenia,107.68,100.58999999999999,2.0044618712817597,7.4,5.2,0.0
2017-04-01,Eslovenia,111.33,101.60000000000001,1.3735989623174794,6.6,5.2,0.0
2017-07-01,Eslovenia,112.17,101.33666666666666,1.319780036660556,6.5,5.2,0.0
2017-10-01,Eslovenia,115.96,102.07333333333334,1.5351967903445063,5.9,5.2,0.0
2018-01-01,Eslovenia,118.04,102.13,1.5309672929714857,5.6,4.9,0.0
2018-04-01,Eslovenia,119.93,103.78000000000002,2.145669291338592,5.3,4.9,0.0
2018-07-01,Eslovenia,122.67,103.46666666666665,2.1019045426137195,5.1,4.9,0.0
2018-10-01,Eslovenia,125.55,104.06666666666666,1.9528443602638612,4.5,4.9,0.0
2019-01-01,Eslovenia,126.98,103.50333333333333,1.3446914063774962,4.6,4.1,0.0
2019-04-01,Eslovenia,128.83,105.59333333333332,1.7472859253548911,4.3,4.1,0.0
2019-07-01,Eslovenia,131.33,105.60333333333334,2.0650773195876493,4.8,4.1,0.0
2019-10-01,Eslovenia,131.62,105.74,1.6079436258808366,4.1,4.1,0.0
2020-01-01,Eslovenia,132.99,105.20666666666666,1.6456796882547975,4.3,4.4,0.0
2020-04-01,Eslovenia,135.56,104.35666666666667,-1.171159795441612,5.3,4.4,0.0
2020-07-01,Eslovenia,135.65,104.97333333333331,-0.5965720779016026,5.1,4.4,0.0
2020-10-01,Eslovenia,138.43,104.74666666666667,-0.9394111342286071,5.2,4.4,0.0
2021-01-01,Eslovenia,142.65,104.55,-0.6241683036562917,5.4,4.1,0.0
2021-04-01,Eslovenia,149.21,106.5,2.0538537707222027,4.5,4.1,0.0
2021-07-01,Eslovenia,153.15,107.33666666666666,2.251365426139973,4.5,4.1,0.0
2021-10-01,Eslovenia,160.26,109.48,4.518839103869654,4.6,4.1,0.0
2022-01-01,Eslovenia,166.93,111.17,6.331898613103792,4.1,4.1,0.0
2022-04-01,Eslovenia,172.43,116.05,8.967136150234744,4.4,4.1,0.0
2022-07-01,Eslovenia,176.4,119.43666666666667,11.272941834104543,4.0,4.1,0.5
2022-10-01,Eslovenia,178.83,121.09333333333332,10.607721349409305,3.6,4.1,1.25
2023-01-01,Eslovenia,181.96,122.18666666666667,9.909747833648176,3.6,3.7,2.5
2023-04-01,Eslovenia,185.39,125.27333333333333,7.94772368232084,3.8,3.7,3.5
2023-07-01,Eslovenia,186.33,126.94333333333333,6.285060422539135,3.8,3.7,4.25
2023-10-01,Eslovenia,191.19,127.11000000000001,4.968619246861938,3.5,3.7,4.5
2024-01-01,Eslovenia,195.44,126.31666666666666,3.380074203404626,3.3,3.8,4.5
2024-04-01,Eslovenia,198.33,128.24333333333334,2.3708158160821835,3.6,3.8,4.5
2024-07-01,Eslovenia,201.54,128.28,1.052963264448703,4.3,3.8,4.25
2024-10-01,Eslovenia,205.71,128.63666666666666,1.2010594498203409,3.6,3.8,3.4
2025-01-01,Eslovenia,201.66,129.0,2.1242908035360886,3.8,3.5,3.15
2025-04-01,Eslovenia,209.31,131.10333333333332,2.2301354196449408,3.4,3.5,2.4
2025-07-01,Eslovenia,207.03,131.98,2.884315559713113,4.1,3.5,2.15
2025-10-01,Eslovenia,217.57,132.08,2.6767899251120886,4.1,3.5,2.15
2014-01-01,España,95.2,99.92999999999999,0.033367813407192415,25.3,10.9,0.25
2014-04-01,España,96.78,101.53333333333335,0.19736842105264607,24.6,10.9,0.25
2014-07-01,España,96.99,100.33,-0.3839152738705831,24.1,10.9,0.15
2014-10-01,España,97.18,100.74000000000001,-0.6051437216338829,23.8,10.9,0.05
2015-01-01,España,96.67,98.79,-1.140798558991285,23.2,10.3,0.05
2015-04-01,España,100.67,101.18666666666667,-0.3414313854235185,22.5,10.3,0.05
2015-07-01,España,101.34,99.76666666666667,-0.5614804478554114,21.6,10.3,0.05
2015-10-01,España,101.31,100.25666666666666,-0.47978293958045315,21.0,10.3,0.05
2016-01-01,España,102.74,98.0,-0.7996760805749625,20.4,10.2,0.05
2016-04-01,España,104.55,100.13666666666667,-1.0376861246541025,20.1,10.2,0.0
2016-07-01,España,105.41,99.46333333333332,-0.30404276645507045,19.3,10.2,0.0
2016-10-01,España,105.78,101.05333333333333,0.7946271237157854,18.7,10.2,0.0
2017-01-01,España,108.2,100.64999999999999,2.704081632653055,18.1,9.8,0.0
2017-04-01,España,110.39,102.19666666666666,2.057188509037644,17.4,9.8,0.0
2017-07-01,España,112.43,101.3,1.8465766279030849,16.8,9.8,0.0
2017-10-01,España,113.39,102.62333333333333,1.553635044201096,16.6,9.8,0.0
2018-01-01,España,114.96,101.72666666666667,1.069713528729932,16.1,8.9,0.0
2018-04-01,España,117.9,104.08,1.84285201735217,15.4,8.9,0.0
2018-07-01,España,120.48,103.59333333333332,2.2639025995393025,14.9,8.9,0.0
2018-10-01,España,120.97,104.42999999999999,1.760483320882189,14.5,8.9,0.0
2019-01-01,España,122.88,102.87666666666667,1.1304803722393286,14.1,8.5,0.0
2019-04-01,España,124.27,105.18333333333334,1.0600819882141899,14.2,8.5,0.0
2019-07-01,España,126.26,104.04333333333334,0.4343908874445024,14.2,8.5,0.0
2019-10-01,España,125.44,104.95333333333333,0.501133135433629,13.9,8.5,0.0
2020-01-01,España,126.92,103.58666666666666,0.6901467776949666,13.9,8.2,0.0
2020-04-01,España,126.98,104.54333333333334,-0.6084614165742352,15.5,8.2,0.0
2020-07-01,España,128.56,103.38333333333333,-0.6343510716688705,16.5,8.2,0.0
2020-10-01,España,127.55,104.13666666666667,-0.7781236104935529,16.2,8.2,0.0
2021-01-01,España,128.12,104.12,0.5148667782211458,15.6,9.9,0.0
2021-04-01,España,131.15,106.93333333333334,2.2861333418359164,15.6,9.9,0.0
2021-07-01,España,133.92,106.90000000000002,3.4015798807029096,14.9,9.9,0.0
2021-10-01,España,135.58,110.2,5.822476873339522,13.6,9.9,0.0
2022-01-01,España,139.05,112.30666666666667,7.862722499679853,13.2,9.2,0.0
2022-04-01,España,141.71,116.48666666666666,8.933915211970067,13.0,9.2,0.0
2022-07-01,España,144.15,117.64333333333333,10.049890863735556,12.9,9.2,0.5
2022-10-01,España,142.99,117.35000000000001,6.488203266787673,13.1,9.2,1.25
2023-01-01,España,143.98,117.86666666666667,4.9507301436542805,12.8,8.2,2.5
2023-04-01,España,146.97,119.72666666666667,2.7814342127854497,12.0,8.2,3.5
2023-07-01,España,150.68,120.69666666666667,2.5954155214915176,12.0,8.2,4.25
2023-10-01,España,149.13,121.26666666666667,3.3375940917483193,11.9,8.2,4.5
2024-01-01,España,153.18,121.68,3.2352941176470473,11.7,7.8,4.5
2024-04-01,España,158.63,124.02,3.5859457653544036,11.6,7.8,4.5
2024-07-01,España,163.12,123.49000000000001,2.3143417382418763,11.3,7.8,4.25
2024-10-01,España,166.07,124.11666666666667,2.350192413413965,10.8,7.8,3.4
2025-01-01,España,172.0,124.92333333333333,2.6654613193074717,10.8,7.2,3.15
2025-04-01,España,178.89,126.70333333333333,2.1636295221200808,10.6,7.2,2.4
2025-07-01,España,184.06,126.96333333333332,2.812643398925685,10.5,7.2,2.15
2025-10-01,España,187.45,128.0,3.128776688599433,10.1,7.2,2.15
2014-01-01,Estonia,91.01,99.58999999999999,1.1305554615306246,8.1,8.3,0.25
2014-04-01,Estonia,91.98,100.37666666666667,0.5979822275673063,7.0,8.3,0.25
2014-07-01,Estonia,95.77,100.28666666666668,0.0033239155725395264,7.7,8.3,0.15
2014-10-01,Estonia,95.57,99.47666666666667,0.18127496726980663,6.4,8.3,0.05
2015-01-01,Estonia,98.31,99.34333333333332,-0.2476821635371773,6.4,6.8,0.05
2015-04-01,Estonia,101.6,100.78666666666668,0.4084614618271365,6.6,6.8,0.05
2015-07-01,Estonia,99.63,100.27999999999999,-0.006647610184162822,5.7,6.8,0.05
2015-10-01,Estonia,100.46,99.58999999999999,0.1139295647220262,6.7,6.8,0.05
2016-01-01,Estonia,100.32,99.63666666666666,0.29527228802470606,6.4,4.9,0.05
2016-04-01,Estonia,103.47,100.91333333333334,0.1256779997354185,6.4,4.9,0.0
2016-07-01,Estonia,106.98,101.48666666666666,1.203297433851902,7.8,4.9,0.0
2016-10-01,Estonia,108.21,101.16333333333334,1.5798105566154685,6.7,4.9,0.0
2017-01-01,Estonia,108.08,102.71666666666665,3.091231474356837,5.5,4.8,0.0
2017-04-01,Estonia,108.42,104.33999999999999,3.3956530356080927,6.6,4.8,0.0
2017-07-01,Estonia,112.06,105.57333333333334,4.0268015502857635,5.3,4.8,0.0
2017-10-01,Estonia,113.49,105.29,4.079211835645324,5.6,4.8,0.0
2018-01-01,Estonia,115.17,106.03000000000002,3.2257017686192047,6.4,4.0,0.0
2018-04-01,Estonia,116.43,107.76666666666667,3.284135199028815,5.0,4.0,0.0
2018-07-01,Estonia,116.71,109.22666666666667,3.460469815610012,5.4,4.0,0.0
2018-10-01,Estonia,119.96,109.15666666666668,3.6723968721309452,4.5,4.0,0.0
2019-01-01,Estonia,121.99,108.46333333333332,2.2949479707000897,4.5,4.4,0.0
2019-04-01,Estonia,123.14,110.96666666666665,2.969378286421276,5.1,4.4,0.0
2019-07-01,Estonia,126.16,111.55666666666667,2.1331787109375,4.1,4.4,0.0
2019-10-01,Estonia,129.79,110.99666666666667,1.6856505939475186,4.2,4.4,0.0
2020-01-01,Estonia,135.98,110.13,1.536617597344736,4.9,4.4,0.0
2020-04-01,Estonia,128.1,109.36666666666667,-1.441874436767776,7.1,4.4,0.0
2020-07-01,Estonia,131.08,110.09666666666665,-1.308751904861527,7.9,4.4,0.0
2020-10-01,Estonia,136.01,109.58666666666666,-1.2703084176702073,7.8,4.4,0.0
2021-01-01,Estonia,144.93,110.75,0.5629710342322847,6.8,4.4,0.0
2021-04-01,Estonia,148.69,112.48,2.846693081377616,6.7,4.4,0.0
2021-07-01,Estonia,153.71,116.06,5.4164522086651345,6.0,4.4,0.0
2021-10-01,Estonia,163.78,119.59666666666665,9.134322910329718,5.3,4.4,0.0
2022-01-01,Estonia,175.37,124.57333333333334,12.481565086531221,5.4,4.9,0.0
2022-04-01,Estonia,189.36,135.46666666666667,20.43622569938359,5.8,4.9,0.0
2022-07-01,Estonia,190.94,144.08,24.142684818197502,5.8,4.9,0.5
2022-10-01,Estonia,191.38,144.00666666666666,20.410267844700257,5.5,4.9,1.25
2023-01-01,Estonia,191.43,146.16666666666666,17.333832816011974,5.2,7.6,2.5
2023-04-01,Estonia,198.79,150.47333333333333,11.077755905511811,6.7,7.6,3.5
2023-07-01,Estonia,198.26,150.99333333333334,4.798260225800477,7.5,7.6,4.25
2023-10-01,Estonia,202.4,150.46,4.481274015091907,6.4,7.6,4.5
2024-01-01,Estonia,206.38,152.69666666666666,4.467502850627136,7.6,8.6,4.5
2024-04-01,Estonia,212.1,155.0,3.0082849674361034,7.5,8.6,4.5
2024-07-01,Estonia,211.03,156.05999999999997,3.355556536712423,7.7,8.6,4.25
2024-10-01,Estonia,209.64,156.64,4.107403961185674,7.5,8.6,3.4
2025-01-01,Estonia,215.9,159.39333333333332,4.385601082756652,8.3,8.8,3.15
2025-04-01,Estonia,223.74,162.36666666666667,4.752688172043018,7.8,8.8,2.4
2025-07-01,Estonia,221.98,164.93,5.6837113930539696,7.4,8.8,2.15
2025-10-01,Estonia,221.27,163.6,4.443309499489279,6.5,8.8,2.15
2014-01-01,Finlandia,100.06,99.89999999999999,1.5794468546637574,8.6,5.1,0.25
2014-04-01,Finlandia,100.47,100.11666666666667,1.0939077751598747,8.7,5.1,0.25
2014-07-01,Finlandia,100.03,100.22666666666667,1.2322402531816268,8.6,5.1,0.15
2014-10-01,Finlandia,99.42,100.38,0.9351432880844612,9.1,5.1,0.05
2015-01-01,Finlandia,99.49,99.83999999999999,-0.06006006006006315,9.3,4.9,0.05
2015-04-01,Finlandia,100.43,100.14999999999999,0.03329448976192584,9.5,4.9,0.05
2015-07-01,Finlandia,100.28,99.90333333333332,-0.3226021019023695,9.4,4.9,0.05
2015-10-01,Finlandia,99.8,100.10666666666667,-0.272298598658427,9.5,4.9,0.05
2016-01-01,Finlandia,100.52,99.79666666666667,-0.04340277777776791,9.2,4.4,0.05
2016-04-01,Finlandia,101.61,100.45,0.29955067398903523,8.9,4.4,0.0
2016-07-01,Finlandia,101.93,100.41000000000001,0.5071569183544344,8.7,4.4,0.0
2016-10-01,Finlandia,101.08,100.89999999999999,0.7924880127863521,8.8,4.4,0.0
2017-01-01,Finlandia,101.7,100.87666666666667,1.0822004742977454,9.0,4.3,0.0
2017-04-01,Finlandia,103.22,101.38666666666666,0.9324705491952745,8.9,4.3,0.0
2017-07-01,Finlandia,102.51,101.13666666666666,0.7236994987218859,8.6,4.3,0.0
2017-10-01,Finlandia,102.12,101.52666666666666,0.6210769739015465,8.3,4.3,0.0
2018-01-01,Finlandia,102.74,101.66000000000001,0.776525790569349,8.5,4.3,0.0
2018-04-01,Finlandia,103.96,102.41333333333334,1.0126249342451432,7.4,4.3,0.0
2018-07-01,Finlandia,103.49,102.55,1.397448996407502,7.2,4.3,0.0
2018-10-01,Finlandia,103.15,103.03666666666668,1.4872939785934847,6.7,4.3,0.0
2019-01-01,Finlandia,103.09,102.89,1.209915404288786,6.7,4.0,0.0
2019-04-01,Finlandia,104.68,103.75999999999999,1.3149329514386077,6.8,4.0,0.0
2019-07-01,Finlandia,104.02,103.66666666666667,1.0888997237120224,6.7,4.0,0.0
2019-10-01,Finlandia,103.29,104.0,0.9349422535666729,6.8,4.0,0.0
2020-01-01,Finlandia,104.28,103.98333333333333,1.0626235137849438,6.8,4.1,0.0
2020-04-01,Finlandia,105.36,103.62333333333333,-0.13171421228475033,7.8,4.1,0.0
2020-07-01,Finlandia,105.79,104.08999999999999,0.4083601286173577,8.3,4.1,0.0
2020-10-01,Finlandia,106.95,104.20666666666666,0.19871794871795245,8.1,4.1,0.0
2021-01-01,Finlandia,108.58,105.10666666666667,1.0803013303414044,8.1,4.3,0.0
2021-04-01,Finlandia,111.19,105.82666666666667,2.126290732460512,8.1,4.3,0.0
2021-07-01,Finlandia,110.93,106.07666666666667,1.9086047330835632,7.3,4.3,0.0
2021-10-01,Finlandia,111.12,107.48666666666666,3.1475913249312315,6.9,4.3,0.0
2022-01-01,Finlandia,111.85,110.12333333333333,4.772929087910693,6.8,5.4,0.0
2022-04-01,Finlandia,113.46,113.24000000000001,7.005165679727865,6.4,5.4,0.0
2022-07-01,Finlandia,112.24,114.68666666666667,8.116770888979662,7.1,5.4,0.5
2022-10-01,Finlandia,108.51,116.89,8.74837189108726,6.8,5.4,1.25
2023-01-01,Finlandia,105.75,118.37666666666667,7.494627236129192,6.8,5.5,2.5
2023-04-01,Finlandia,106.58,119.05,5.130695867184731,7.1,5.5,3.5
2023-07-01,Finlandia,103.51,118.63333333333333,3.4412602453060437,7.4,5.5,4.25
2023-10-01,Finlandia,102.48,118.62666666666667,1.485727321983621,7.6,5.5,4.5
2024-01-01,Finlandia,101.5,119.48333333333333,0.9348689212401062,8.0,5.4,4.5
2024-04-01,Finlandia,101.85,119.67333333333333,0.5235895282094338,8.4,5.4,4.5
2024-07-01,Finlandia,101.45,119.64333333333333,0.8513627423433645,8.4,5.4,4.25
2024-10-01,Finlandia,100.59,120.51333333333332,1.5904237383387532,8.8,5.4,3.4
2025-01-01,Finlandia,99.56,121.50333333333333,1.6906123587669075,9.3,4.7,3.15
2025-04-01,Finlandia,100.5,121.98,1.9274692217703837,9.3,4.7,2.4
2025-07-01,Finlandia,97.95,122.21,2.1452650934722595,9.9,4.7,2.15
2025-10-01,Finlandia,97.43,122.35333333333334,1.5268020136084637,10.5,4.7,2.15
2014-01-01,Francia,101.33,99.66666666666667,0.8601787822567042,10.2,5.1,0.25
2014-04-01,Francia,101.53,100.18333333333334,0.7508967181790727,10.1,5.1,0.25
2014-07-01,Francia,102.29,99.97666666666667,0.4925283120016166,10.2,5.1,0.15
2014-10-01,Francia,100.28,99.83,0.34174288873252134,10.5,5.1,0.05
2015-01-01,Francia,99.38,99.43,-0.23745819397993362,10.4,5.7,0.05
2015-04-01,Francia,99.55,100.45,0.26617867243388105,10.4,5.7,0.05
2015-07-01,Francia,100.92,100.11666666666667,0.1400326742906577,10.3,5.7,0.05
2015-10-01,Francia,100.15,100.00666666666666,0.17696751143609912,10.3,5.7,0.05
2016-01-01,Francia,99.73,99.47333333333334,0.043581749304366646,10.3,5.2,0.05
2016-04-01,Francia,100.24,100.54333333333334,0.09291521486642917,10.0,5.2,0.0
2016-07-01,Francia,102.36,100.54333333333334,0.4261694689528861,9.9,5.2,0.0
2016-10-01,Francia,101.84,100.66333333333334,0.6566228918072348,10.1,5.2,0.0
2017-01-01,Francia,102.53,100.92333333333333,1.457677099390109,9.6,5.0,0.0
2017-04-01,Francia,103.53,101.58,1.0310645492822346,9.5,5.0,0.0
2017-07-01,Francia,105.65,101.49666666666667,0.9481815469283505,9.5,5.0,0.0
2017-10-01,Francia,105.24,101.88666666666666,1.2152720288751029,9.0,5.0,0.0
2018-01-01,Francia,105.51,102.44333333333333,1.5060937345179548,9.3,4.7,0.0
2018-04-01,Francia,106.42,103.76,2.14609175034457,9.1,4.7,0.0
2018-07-01,Francia,108.65,104.08999999999999,2.5550921212519118,8.9,4.7,0.0
2018-10-01,Francia,108.58,104.11333333333333,2.1854347968330856,8.8,4.7,0.0
2019-01-01,Francia,108.55,103.90333333333332,1.4251781472684133,8.7,5.5,0.0
2019-04-01,Francia,109.85,105.11333333333334,1.3042919557954225,8.4,5.5,0.0
2019-07-01,Francia,112.33,105.35333333333334,1.2136932782528032,8.3,5.5,0.0
2019-10-01,Francia,112.69,105.41666666666667,1.2518409425626098,8.3,5.5,0.0
2020-01-01,Francia,113.87,105.28333333333335,1.328157582368239,7.9,5.6,0.0
2020-04-01,Francia,115.52,105.46333333333332,0.3329739328977954,7.2,5.6,0.0
2020-07-01,Francia,117.8,105.73333333333333,0.36069100803644005,8.9,5.6,0.0
2020-10-01,Francia,119.27,105.50666666666666,0.0853754940711271,8.1,5.6,0.0
2021-01-01,Francia,120.15,106.3,0.965648250751916,8.2,5.779999999999999,0.0
2021-04-01,Francia,122.12,107.32333333333332,1.7636461329372022,8.0,5.96,0.0
2021-07-01,Francia,126.11,108.06,2.2005044136191643,7.9,6.14,0.0
2021-10-01,Francia,127.52,109.02333333333333,3.3331227094654414,7.5,6.32,0.0
2022-01-01,Francia,128.6,110.75333333333333,4.189401066164944,7.4,6.5,0.0
2022-04-01,Francia,130.83,113.67,5.913594434264069,7.5,6.5,0.0
2022-07-01,Francia,134.34,115.11,6.524153248195441,7.2,6.5,0.5
2022-10-01,Francia,133.5,116.61,6.958755006573525,7.2,6.5,1.25
2023-01-01,Francia,132.32,118.50999999999999,7.003551435622701,7.1,6.5,2.5
2023-04-01,Francia,131.72,120.57333333333332,6.0731356851705165,7.3,6.5,3.5
2023-07-01,Francia,132.25,121.42333333333333,5.4846089247965635,7.4,6.5,4.25
2023-10-01,Francia,128.73,121.47333333333331,4.170597147185751,7.6,6.5,4.5
2024-01-01,Francia,125.96,122.06666666666666,3.001153207886831,7.5,7.0,4.5
2024-04-01,Francia,125.68,123.59333333333332,2.504699767776186,7.4,7.0,4.5
2024-07-01,Francia,127.64,123.98333333333333,2.10832624152415,7.5,7.0,4.25
2024-10-01,Francia,126.28,123.50666666666666,1.6738927610998378,7.3,7.0,3.4
2025-01-01,Francia,126.54,123.54666666666667,1.2124522119060677,7.4,6.4,3.15
2025-04-01,Francia,126.54,124.57333333333332,0.7929230271319865,7.6,6.4,2.4
2025-07-01,Francia,128.48,125.15666666666668,0.9463637585697127,7.8,6.4,2.15
2025-10-01,Francia,127.56,124.44666666666667,0.761092518622486,7.9,6.4,2.15
2014-01-01,Hungría,85.75,100.05666666666667,0.43497172683775176,7.6,12.8,0.25
2014-04-01,Hungría,87.55,100.2,-0.08973975471133766,7.9,12.8,0.25
2014-07-01,Hungría,89.19,100.18,0.073255194459243,7.4,12.8,0.15
2014-10-01,Hungría,91.22,99.30333333333334,-0.3512175541878326,7.1,12.8,0.05
2015-01-01,Hungría,93.6,99.10666666666667,-0.949461971549459,7.2,8.5,0.05
2015-04-01,Hungría,98.69,100.63333333333333,0.43246839654025315,6.8,8.5,0.05
2015-07-01,Hungría,103.06,100.36,0.1796765821521218,6.4,8.5,0.05
2015-10-01,Hungría,104.65,99.89333333333333,0.5941391695478471,6.1,8.5,0.05
2016-01-01,Hungría,109.39,99.47666666666667,0.37333512713575434,5.6,8.8,0.05
2016-04-01,Hungría,111.97,100.63333333333333,0.0,5.0,8.8,0.0
2016-07-01,Hungría,115.2,100.47333333333334,0.11292679686463192,4.8,8.8,0.0
2016-10-01,Hungría,116.95,101.20666666666666,1.3147357180993025,4.4,8.8,0.0
2017-01-01,Hungría,122.24,102.10000000000001,2.6371343363602806,4.2,10.7,0.0
2017-04-01,Hungría,125.48,102.75666666666666,2.1099701888042333,4.2,10.7,0.0
2017-07-01,Hungría,129.28,102.96,2.4749518943666393,4.0,10.7,0.0
2017-10-01,Hungría,131.96,103.56,2.32527501482116,3.8,10.7,0.0
2018-01-01,Hungría,138.65,104.16000000000001,2.017629774730656,3.6,9.6,0.0
2018-04-01,Hungría,142.52,105.64,2.805981769228283,3.5,9.6,0.0
2018-07-01,Hungría,148.49,106.58333333333333,3.51916601916602,3.6,9.6,0.0
2018-10-01,Hungría,152.32,106.96999999999998,3.292777134028557,3.5,9.6,0.0
2019-01-01,Hungría,165.03,107.52666666666666,3.2322068612391064,3.3,3.9,0.0
2019-04-01,Hungría,170.54,109.64999999999999,3.795910639909117,3.3,3.9,0.0
2019-07-01,Hungría,173.22,109.92666666666666,3.1368256450351906,3.4,3.9,0.0
2019-10-01,Hungría,171.88,110.73333333333333,3.5181203452681498,3.2,3.9,0.0
2020-01-01,Hungría,178.74,112.20666666666666,4.352408704817412,3.5,3.7,0.0
2020-04-01,Hungría,174.9,112.44,2.5444596443228606,4.5,3.7,0.0
2020-07-01,Hungría,181.59,114.06333333333333,3.763114803808598,4.3,3.7,0.0
2020-10-01,Hungría,179.08,113.90333333333332,2.862733293196862,4.1,3.7,0.0
2021-01-01,Hungría,195.95,115.96333333333332,3.3479888301348737,4.4,2.7,0.0
2021-04-01,Hungría,204.4,118.36000000000001,5.265030238349366,4.1,2.7,0.0
2021-07-01,Hungría,211.94,119.82000000000001,5.0469037669131245,3.9,2.7,0.0
2021-10-01,Hungría,219.86,122.03000000000002,7.134704866699848,3.7,2.7,0.0
2022-01-01,Hungría,241.42,125.60000000000001,8.310098019488944,3.6,8.1,0.0
2022-04-01,Hungría,255.23,131.39000000000001,11.008786752281186,3.3,8.1,0.0
2022-07-01,Hungría,262.98,141.38333333333333,17.99643910309907,3.6,8.1,0.5
2022-10-01,Hungría,258.43,150.51,23.338523313939174,3.9,8.1,1.25
2023-01-01,Hungría,268.81,158.10333333333332,25.878450106157104,3.9,7.3,2.5
2023-04-01,Hungría,271.54,160.37,22.056473095364936,4.0,7.3,3.5
2023-07-01,Hungría,272.63,161.99333333333334,14.577390074266194,4.1,7.3,4.25
2023-10-01,Hungría,277.19,161.90666666666667,7.572032866033274,4.4,7.3,4.5
2024-01-01,Hungría,300.99,163.84,3.6284286647972896,4.5,9.0,4.5
2024-04-01,Hungría,306.51,166.32333333333335,3.712248758080272,4.4,9.0,4.5
2024-07-01,Hungría,309.83,167.66,3.4980863410016827,4.6,9.0,4.25
2024-10-01,Hungría,322.11,168.42,4.0228938483076515,4.4,9.0,3.4
2025-01-01,Hungría,352.26,172.69333333333336,5.403645833333348,4.3,5.3,3.15
2025-04-01,Hungría,349.03,173.68999999999997,4.429123995430562,4.5,5.3,2.4
2025-07-01,Hungría,374.69,174.74,4.222831921746395,4.5,5.3,2.15
2025-10-01,Hungría,390.47,174.71,3.7347108419427677,4.4,5.3,2.15
2014-01-01,Irlanda,82.04,99.66666666666667,0.20107238605899802,12.8,6.4,0.25
2014-04-01,Irlanda,86.62,100.26666666666667,0.4005340453938411,12.2,6.4,0.25
2014-07-01,Irlanda,93.63,100.43333333333334,0.5003335557038024,11.6,6.4,0.15
2014-10-01,Irlanda,96.59,99.76666666666667,0.10033444816053283,10.9,6.4,0.05
2015-01-01,Irlanda,96.43,99.33333333333333,-0.33444816053512794,10.7,4.7,0.05
2015-04-01,Irlanda,98.6,100.36666666666667,0.09973404255319007,9.9,4.7,0.05
2015-07-01,Irlanda,101.73,100.53333333333335,0.09956853634252028,9.6,4.7,0.05
2015-10-01,Irlanda,103.25,99.76666666666667,0.0,9.5,4.7,0.05
2016-01-01,Irlanda,103.67,99.06666666666666,-0.26845637583892135,9.0,4.6,0.05
2016-04-01,Irlanda,104.79,100.26666666666667,-0.09963467286616678,8.7,4.6,0.0
2016-07-01,Irlanda,109.33,100.33333333333333,-0.19893899204245225,8.2,4.6,0.0
2016-10-01,Irlanda,112.06,99.5,-0.26729034413631725,7.6,4.6,0.0
2017-01-01,Irlanda,113.36,99.43333333333334,0.37012113055181484,7.2,4.5,0.0
2017-04-01,Irlanda,115.86,100.3,0.03324468085106336,6.7,4.5,0.0
2017-07-01,Irlanda,122.18,100.46666666666665,0.1328903654485014,6.6,4.5,0.0
2017-10-01,Irlanda,125.15,100.0,0.5025125628140614,6.4,4.5,0.0
2018-01-01,Irlanda,127.34,99.93333333333334,0.5028494803888783,6.0,3.4,0.0
2018-04-01,Irlanda,130.44,100.73333333333333,0.43203722166833547,5.9,3.4,0.0
2018-07-01,Irlanda,133.31,101.5,1.0285335102853566,5.7,3.4,0.0
2018-10-01,Irlanda,134.23,100.89999999999999,0.8999999999999897,5.5,3.4,0.0
2019-01-01,Irlanda,132.98,100.8,0.867244829886582,5.1,5.2,0.0
2019-04-01,Irlanda,133.7,102.0,1.2574454003970947,5.2,5.2,0.0
2019-07-01,Irlanda,135.63,102.06666666666666,0.5582922824302061,5.0,5.2,0.0
2019-10-01,Irlanda,135.32,101.73333333333333,0.8259002312520636,4.8,5.2,0.0
2020-01-01,Irlanda,134.3,101.63333333333333,0.8267195767195812,4.8,4.2,0.0
2020-04-01,Irlanda,134.15,101.43333333333334,-0.5555555555555536,5.3,4.2,0.0
2020-07-01,Irlanda,134.55,101.10000000000001,-0.9470934030045619,7.0,4.2,0.0
2020-10-01,Irlanda,136.28,100.56666666666666,-1.1467889908256979,6.4,4.2,0.0
2021-01-01,Irlanda,138.34,101.5,-0.13119055428008064,7.1,2.6,0.0
2021-04-01,Irlanda,141.65,102.96666666666665,1.511666118961541,7.1,2.6,0.0
2021-07-01,Irlanda,148.81,104.10000000000001,2.9673590504450953,5.5,2.6,0.0
2021-10-01,Irlanda,155.1,105.96666666666665,5.369572422936675,5.2,2.6,0.0
2022-01-01,Irlanda,159.07,107.5,5.9113300492610765,4.9,3.7,0.0
2022-04-01,Irlanda,161.89,111.60000000000001,8.38459048235678,4.4,3.7,0.0
2022-07-01,Irlanda,166.47,113.53333333333335,9.06179955171309,4.2,3.7,0.5
2022-10-01,Irlanda,168.41,115.33333333333333,8.839257628184981,4.3,3.7,1.25
2023-01-01,Irlanda,167.16,115.60000000000001,7.53488372093023,4.2,4.7,2.5
2023-04-01,Irlanda,166.3,117.7,5.465949820788518,4.3,4.7,3.5
2023-07-01,Irlanda,168.79,119.03333333333335,4.844392248972396,4.4,4.7,4.25
2023-10-01,Irlanda,173.69,118.93333333333334,3.1213872832370093,4.4,4.7,4.5
2024-01-01,Irlanda,177.7,118.2,2.249134948096887,4.3,4.5,4.5
2024-04-01,Irlanda,180.34,119.7,1.6992353440951513,4.4,4.5,4.5
2024-07-01,Irlanda,185.5,120.06666666666666,0.8681041725006944,4.2,4.5,4.25
2024-10-01,Irlanda,189.97,119.56666666666666,0.5325112107623209,4.4,4.5,3.4
2025-01-01,Irlanda,191.83,120.13333333333333,1.6356457980823302,4.4,5.3,3.15
2025-04-01,Irlanda,194.34,121.7,1.670843776106934,4.7,5.3,2.4
2025-07-01,Irlanda,199.36,122.53333333333335,2.054414214325395,4.9,5.3,2.15
2025-10-01,Irlanda,203.3,123.03333333333335,2.8993587956509748,4.6,5.3,2.15
2014-01-01,Italia,105.7,98.96666666666665,0.43978349120430416,13.0,8.5,0.25
2014-04-01,Italia,104.7,100.76666666666667,0.39853869146462273,12.6,8.5,0.25
2014-07-01,Italia,103.5,99.23333333333333,-0.0671366230278525,12.8,8.5,0.15
2014-10-01,Italia,101.9,100.56666666666666,0.16600265604249653,13.1,8.5,0.05
2015-01-01,Italia,99.7,98.83333333333333,-0.1347254968002587,12.4,8.6,0.05
2015-04-01,Italia,99.8,100.86666666666667,0.0992391663910075,12.4,8.6,0.05
2015-07-01,Italia,100.7,99.53333333333335,0.30231776956668455,11.5,8.6,0.05
2015-10-01,Italia,99.8,100.73333333333333,0.16572754391779299,11.7,8.6,0.05
2016-01-01,Italia,99.8,98.83333333333333,0.0,11.5,9.6,0.05
2016-04-01,Italia,100.5,100.56666666666666,-0.2974223397224196,11.8,9.6,0.0
2016-07-01,Italia,100.7,99.46666666666665,-0.0669792364367261,11.8,9.6,0.0
2016-10-01,Italia,100.0,100.89999999999999,0.16545334215749552,11.9,9.6,0.0
2017-01-01,Italia,99.1,100.16666666666667,1.3490725126475756,11.6,8.2,0.0
2017-04-01,Italia,99.6,102.16666666666667,1.5909844216108748,11.2,8.2,0.0
2017-07-01,Italia,99.2,100.76666666666667,1.3069705093833983,11.3,8.2,0.0
2017-10-01,Italia,98.8,101.96666666666665,1.0571522960026503,10.9,8.2,0.0
2018-01-01,Italia,98.6,101.03333333333335,0.8652246256239726,10.9,8.2,0.0
2018-04-01,Italia,99.2,103.16666666666667,0.978792822185981,10.8,8.2,0.0
2018-07-01,Italia,98.4,102.43333333333334,1.6539861065167027,10.1,8.2,0.0
2018-10-01,Italia,98.3,103.46666666666665,1.471068976789791,10.5,8.2,0.0
2019-01-01,Italia,97.7,102.06666666666666,1.0227647641042337,10.4,8.7,0.0
2019-04-01,Italia,99.1,104.10000000000001,0.904684975767367,9.9,8.7,0.0
2019-07-01,Italia,98.8,102.76666666666667,0.32541490400259665,9.8,8.7,0.0
2019-10-01,Italia,98.5,103.76666666666667,0.2899484536082575,9.7,8.7,0.0
2020-01-01,Italia,99.4,102.3,0.2286087524493885,8.9,7.2,0.0
2020-04-01,Italia,102.4,103.89999999999999,-0.19212295869358575,8.0,7.2,0.0
2020-07-01,Italia,99.8,102.53333333333335,-0.22705157314303337,10.8,7.2,0.0
2020-10-01,Italia,100.0,103.36666666666667,-0.3854802441374816,9.7,7.2,0.0
2021-01-01,Italia,101.1,103.06666666666666,0.7494297816878381,10.1,7.2,0.0
2021-04-01,Italia,102.8,105.10000000000001,1.1549566891241758,9.7,7.2,0.0
2021-07-01,Italia,103.9,104.7,2.1131339401820437,9.3,7.2,0.0
2021-10-01,Italia,104.0,107.23333333333333,3.740728797162207,9.0,7.2,0.0
2022-01-01,Italia,105.7,109.26666666666667,6.015523932729638,8.2,6.6,0.0
2022-04-01,Italia,108.1,112.83333333333333,7.358071677767186,8.1,6.6,0.0
2022-07-01,Italia,106.9,114.06666666666666,8.946195479146768,8.2,6.6,0.5
2022-10-01,Italia,106.8,120.63333333333333,12.496114392290947,7.9,6.6,1.25
2023-01-01,Italia,106.8,119.66666666666667,9.517998779743753,7.8,5.7,2.5
2023-04-01,Italia,108.8,121.60000000000001,7.769571639586426,7.6,5.7,3.5
2023-07-01,Italia,108.7,120.7,5.815312682641727,7.8,5.7,4.25
2023-10-01,Italia,108.7,121.8,0.9671179883945946,7.5,5.7,4.5
2024-01-01,Italia,108.5,120.86666666666667,1.0027855153203369,7.2,5.1,4.5
2024-04-01,Italia,112.0,122.66666666666667,0.8771929824561431,6.7,5.1,4.5
2024-07-01,Italia,112.8,122.13333333333333,1.187517260425297,6.2,5.1,4.25
2024-10-01,Italia,113.5,123.36666666666667,1.286261631089225,6.0,5.1,3.4
2025-01-01,Italia,113.3,123.10000000000001,1.8477661334804107,6.3,5.0,3.15
2025-04-01,Italia,116.4,124.93333333333334,1.8478260869565277,6.6,5.0,2.4
2025-07-01,Italia,117.0,124.23333333333333,1.7194323144104962,6.2,5.0,2.15
2025-10-01,Italia,118.1,124.86666666666667,1.2158875979465078,5.6,5.0,2.15
2014-01-01,Letonia,103.39,99.37333333333333,0.4447439353099769,11.6,9.6,0.25
2014-04-01,Letonia,104.9,100.34333333333332,0.7867952323556748,10.5,9.6,0.25
2014-07-01,Letonia,109.04,100.03333333333335,0.8773404148038733,10.8,9.6,0.15
2014-10-01,Letonia,96.57,99.40666666666668,0.651388842012901,10.5,9.6,0.05
2015-01-01,Letonia,96.63,99.44333333333333,0.07044143298000627,10.0,8.1,0.05
2015-04-01,Letonia,100.06,101.15333333333332,0.8072285154303582,9.6,8.1,0.05
2015-07-01,Letonia,100.4,99.91000000000001,-0.1232922359213573,9.9,8.1,0.05
2015-10-01,Letonia,102.91,99.5,0.09389041647105412,10.0,8.1,0.05
2016-01-01,Letonia,103.49,98.94,-0.5061509067140424,10.0,7.0,0.05
2016-04-01,Letonia,109.52,100.42333333333333,-0.7216766624925763,9.6,7.0,0.0
2016-07-01,Letonia,110.04,100.08,0.17015313782402508,9.8,7.0,0.0
2016-10-01,Letonia,110.9,100.96,1.4673366834170753,9.5,7.0,0.0
2017-01-01,Letonia,113.11,102.01666666666667,3.109628731217584,9.1,6.9,0.0
2017-04-01,Letonia,119.53,103.46666666666665,3.0305041988913484,8.8,6.9,0.0
2017-07-01,Letonia,119.72,102.99000000000001,2.907673860911286,8.7,6.9,0.0
2017-10-01,Letonia,119.69,103.51666666666667,2.532356048600115,8.3,6.9,0.0
2018-01-01,Letonia,126.02,104.08999999999999,2.0323476556118214,8.0,6.7,0.0
2018-04-01,Letonia,129.91,105.92333333333333,2.374355670103112,7.6,6.7,0.0
2018-07-01,Letonia,128.34,105.99000000000001,2.9129041654529564,7.2,6.7,0.0
2018-10-01,Letonia,132.93,106.50999999999999,2.891643857671866,7.0,6.7,0.0
2019-01-01,Letonia,134.04,107.00666666666666,2.80206231786595,6.7,5.4,0.0
2019-04-01,Letonia,140.19,109.41333333333334,3.294835887591674,6.3,5.4,0.0
2019-07-01,Letonia,144.58,108.96,2.8021511463345528,6.2,5.4,0.0
2019-10-01,Letonia,144.69,108.74000000000001,2.093700122054276,6.1,5.4,0.0
2020-01-01,Letonia,145.77,109.08,1.9375739829294192,7.4,4.8,0.0
2020-04-01,Letonia,142.3,108.65333333333335,-0.6946136972946548,8.5,4.8,0.0
2020-07-01,Letonia,147.08,108.65666666666668,-0.278389623103259,8.6,4.8,0.0
2020-10-01,Letonia,147.92,108.08,-0.606952363435731,8.0,4.8,0.0
2021-01-01,Letonia,149.97,108.95,-0.11917858452511476,7.8,4.9,0.0
2021-04-01,Letonia,159.51,111.17333333333333,2.319302981960969,7.8,4.9,0.0
2021-07-01,Letonia,165.31,112.67666666666666,3.6997269687394363,7.3,4.9,0.0
2021-10-01,Letonia,171.79,115.74333333333334,7.090426844312869,7.3,4.9,0.0
2022-01-01,Letonia,176.06,119.02333333333333,9.245831421141194,7.1,5.4,0.0
2022-04-01,Letonia,185.56,129.36666666666667,16.36483569201248,6.6,5.4,0.0
2022-07-01,Letonia,187.79,137.00666666666666,21.592758039227288,7.0,5.4,0.5
2022-10-01,Letonia,186.61,140.49666666666667,21.386400944618835,6.7,5.4,1.25
2023-01-01,Letonia,186.4,142.25,19.514380933710473,6.2,7.2,2.5
2023-04-01,Letonia,195.54,144.54999999999998,11.736665807781478,6.4,7.2,3.5
2023-07-01,Letonia,193.46,144.22333333333333,5.267383582307428,6.6,7.2,4.25
2023-10-01,Letonia,188.14,142.50333333333333,1.4282663882891677,6.9,7.2,4.5
2024-01-01,Letonia,193.14,143.51,0.8857644991212554,7.0,6.7,4.5
2024-04-01,Letonia,196.94,145.80333333333334,0.8670586878819497,7.0,6.7,4.5
2024-07-01,Letonia,203.62,145.77,1.0724108442924374,6.8,6.7,4.25
2024-10-01,Letonia,201.9,146.17999999999998,2.5800566068629793,7.0,6.7,3.4
2025-01-01,Letonia,203.64,148.41333333333333,3.416718927833129,7.2,5.7,3.15
2025-04-01,Letonia,209.67,151.45666666666668,3.877369058777802,6.7,5.7,2.4
2025-07-01,Letonia,219.79,151.74,4.095492899773623,7.1,5.7,2.15
2025-10-01,Letonia,224.02,151.79333333333332,3.8400145938797037,6.9,5.7,2.15
2014-01-01,Lituania,93.33,100.46,0.31287445080547815,11.9,7.1,0.25
2014-04-01,Lituania,97.11,100.99666666666667,0.22825008269931057,10.9,7.1,0.25
2014-07-01,Lituania,98.68,100.58333333333333,0.2491694352159568,9.6,7.1,0.15
2014-10-01,Lituania,96.76,100.68666666666667,0.17909259750596984,10.2,7.1,0.05
2015-01-01,Lituania,97.49,99.13666666666666,-1.317273873515168,9.9,9.1,0.05
2015-04-01,Lituania,100.49,100.69333333333333,-0.3003399452127242,9.2,9.1,0.05
2015-07-01,Lituania,102.07,99.89333333333333,-0.6859983429991723,8.6,9.1,0.05
2015-10-01,Lituania,99.95,100.27666666666666,-0.40720386678144704,8.8,9.1,0.05
2016-01-01,Lituania,100.78,99.79333333333334,0.6623852594062285,8.2,7.8,0.05
2016-04-01,Lituania,103.91,101.13333333333333,0.4369703389830448,8.0,7.8,0.0
2016-07-01,Lituania,107.48,100.26666666666667,0.3737319807795014,7.8,7.8,0.0
2016-10-01,Lituania,109.43,101.52,1.239902935212589,7.8,7.8,0.0
2017-01-01,Lituania,111.07,102.74000000000001,2.952769056049176,7.6,7.2,0.0
2017-04-01,Lituania,114.52,104.57333333333334,3.401450230718539,7.0,7.2,0.0
2017-07-01,Lituania,116.66,104.73,4.451462765957448,6.9,7.2,0.0
2017-10-01,Lituania,116.94,105.64333333333333,4.061597058050959,6.8,7.2,0.0
2018-01-01,Lituania,119.78,105.91666666666667,3.0919473103627304,6.8,5.6,0.0
2018-04-01,Lituania,123.0,107.22333333333334,2.5341068468698325,6.0,5.6,0.0
2018-07-01,Lituania,124.35,107.01333333333332,2.180209427416524,5.8,5.6,0.0
2018-10-01,Lituania,125.59,108.10666666666667,2.33174518032373,6.1,5.6,0.0
2019-01-01,Lituania,129.2,108.11333333333333,2.073957513768687,6.3,4.8,0.0
2019-04-01,Lituania,131.11,109.95666666666666,2.549196381384644,6.1,4.8,0.0
2019-07-01,Lituania,132.36,109.52,2.342387241465249,6.2,4.8,0.0
2019-10-01,Lituania,133.77,110.27333333333333,2.004193389245179,6.5,4.8,0.0
2020-01-01,Lituania,137.26,110.78000000000002,2.466547450206602,7.2,2.7,0.0
2020-04-01,Lituania,140.25,110.67,0.6487404128899366,8.5,2.7,0.0
2020-07-01,Lituania,140.85,110.50333333333333,0.8978573167762294,9.3,2.7,0.0
2020-10-01,Lituania,146.35,110.56,0.25996009914757146,8.9,2.7,0.0
2021-01-01,Lituania,153.69,111.60333333333334,0.7432147800445321,7.7,2.7,0.0
2021-04-01,Lituania,158.87,114.16666666666667,3.1595433872473766,7.6,2.7,0.0
2021-07-01,Lituania,167.44,116.27,5.218545443576361,6.7,2.7,0.0
2021-10-01,Lituania,175.36,120.94,9.388567293777129,6.6,2.7,0.0
2022-01-01,Lituania,183.12,127.16000000000001,13.93924912637019,6.4,3.5,0.0
2022-04-01,Lituania,193.91,135.33666666666667,18.54306569343065,5.5,3.5,0.0
2022-07-01,Lituania,199.7,141.25666666666666,21.490209569679774,6.0,3.5,0.5
2022-10-01,Lituania,203.46,146.53333333333333,21.162008709552936,6.2,3.5,1.25
2023-01-01,Lituania,207.18,148.72666666666666,16.960260039844812,7.5,5.2,2.5
2023-04-01,Lituania,212.05,149.83,10.709095835077953,6.3,5.2,3.5
2023-07-01,Lituania,217.15,149.54999999999998,5.871109328173296,6.4,5.2,4.25
2023-10-01,Lituania,220.4,149.97333333333333,2.3475887170154586,7.3,5.2,4.5
2024-01-01,Lituania,227.7,149.99666666666667,0.8539154601282073,7.9,6.2,4.5
2024-04-01,Lituania,234.01,150.98333333333335,0.769761285011894,7.1,6.2,4.5
2024-07-01,Lituania,236.4,150.67999999999998,0.7556001337345242,7.1,6.2,4.25
2024-10-01,Lituania,241.98,151.51666666666665,1.0290718349928785,6.4,6.2,3.4
2025-01-01,Lituania,247.69,155.10999999999999,3.4089646436587406,6.7,5.7,3.15
2025-04-01,Lituania,254.53,155.92333333333332,3.2718843139419196,7.3,5.7,2.4
2025-07-01,Lituania,262.01,156.09,3.5903902309530222,6.9,5.7,2.15
2025-10-01,Lituania,268.22,156.82333333333335,3.5023649763502585,6.6,5.7,2.15
2014-01-01,Luxemburgo,91.36,99.63,0.996823680475778,6.7,6.8,0.25
2014-04-01,Luxemburgo,94.72,100.40333333333335,1.1620486985726375,5.1,6.8,0.25
2014-07-01,Luxemburgo,95.98,100.16333333333334,0.7442920843531153,6.2,6.8,0.15
2014-10-01,Luxemburgo,97.45,99.57333333333334,-0.11702945798641728,5.5,6.8,0.05
2015-01-01,Luxemburgo,97.8,99.16000000000001,-0.4717454581953051,7.4,6.0,0.05
2015-04-01,Luxemburgo,99.87,100.69,0.2855150891404534,5.5,6.0,0.05
2015-07-01,Luxemburgo,101.27,100.18666666666667,0.023295284368862745,7.5,6.0,0.05
2015-10-01,Luxemburgo,101.06,99.96666666666665,0.3950187466523758,6.2,6.0,0.05
2016-01-01,Luxemburgo,102.64,98.99666666666667,-0.1647169557617345,6.1,7.0,0.05
2016-04-01,Luxemburgo,105.44,100.13666666666666,-0.5495414970040136,6.3,7.0,0.0
2016-07-01,Luxemburgo,107.02,100.08,-0.10646792653713488,6.9,7.0,0.0
2016-10-01,Luxemburgo,108.92,100.94333333333333,0.9769923307769268,5.9,7.0,0.0
2017-01-01,Luxemburgo,109.84,101.54,2.5691100710461656,6.2,7.1,0.0
2017-04-01,Luxemburgo,112.21,102.14333333333333,2.0039279651143493,5.4,7.1,0.0
2017-07-01,Luxemburgo,112.28,102.10666666666667,2.025046629363181,5.3,7.1,0.0
2017-10-01,Luxemburgo,113.5,102.80666666666667,1.845920153221292,5.2,7.1,0.0
2018-01-01,Luxemburgo,116.84,102.73,1.171951940122118,5.6,9.3,0.0
2018-04-01,Luxemburgo,117.9,104.11666666666667,1.9319257252879973,5.6,9.3,0.0
2018-07-01,Luxemburgo,120.78,104.69,2.5300339514233494,5.9,9.3,0.0
2018-10-01,Luxemburgo,123.92,105.29666666666667,2.4220219181635416,5.3,9.3,0.0
2019-01-01,Luxemburgo,125.0,104.83999999999999,2.053927771829045,5.5,10.1,0.0
2019-04-01,Luxemburgo,131.35,106.16666666666667,1.968945093644936,5.4,10.1,0.0
2019-07-01,Luxemburgo,134.41,106.11333333333334,1.359569522717874,5.7,10.1,0.0
2019-10-01,Luxemburgo,137.19,106.58999999999999,1.22827566557977,5.8,10.1,0.0
2020-01-01,Luxemburgo,142.67,106.48333333333333,1.567467887574736,6.4,8.5,0.0
2020-04-01,Luxemburgo,148.74,105.2,-0.9105180533751978,6.5,8.5,0.0
2020-07-01,Luxemburgo,152.97,105.95666666666666,-0.14764088710185197,7.7,8.5,0.0
2020-10-01,Luxemburgo,160.08,106.08666666666666,-0.47221440410294413,6.5,8.5,0.0
2021-01-01,Luxemburgo,167.17,107.53000000000002,0.9829394271404057,5.7,5.1,0.0
2021-04-01,Luxemburgo,168.74,108.97666666666667,3.5899873257287718,5.7,5.1,0.0
2021-07-01,Luxemburgo,173.22,109.8,3.627269009343448,5.3,5.1,0.0
2021-10-01,Luxemburgo,179.48,112.14,5.706026519198137,4.3,5.1,0.0
2022-01-01,Luxemburgo,184.34,114.83333333333333,6.791903034811964,4.2,9.0,0.0
2022-04-01,Luxemburgo,188.4,119.29666666666667,9.469917107637716,4.6,9.0,0.0
2022-07-01,Luxemburgo,192.3,119.57666666666667,8.904068002428666,5.0,9.0,0.5
2022-10-01,Luxemburgo,189.35,120.5,7.454967005528812,4.6,9.0,1.25
2023-01-01,Luxemburgo,181.2,119.96666666666665,4.470246734397665,5.1,11.5,2.5
2023-04-01,Luxemburgo,177.25,121.52666666666666,1.8692894464779508,5.0,11.5,3.5
2023-07-01,Luxemburgo,165.52,123.13999999999999,2.9799570707774503,5.3,11.5,4.25
2023-10-01,Luxemburgo,161.96,123.44333333333333,2.442600276625173,5.4,11.5,4.5
2024-01-01,Luxemburgo,160.9,123.73333333333333,3.139761044734657,5.8,8.0,4.5
2024-04-01,Luxemburgo,162.41,125.17333333333333,3.0007131493773764,6.4,8.0,4.5
2024-07-01,Luxemburgo,162.44,125.26666666666667,1.7270315629906552,6.8,8.0,4.25
2024-10-01,Luxemburgo,164.25,124.90333333333335,1.182728917452014,6.8,8.0,3.4
2025-01-01,Luxemburgo,162.54,126.12666666666667,1.934267241379306,6.3,8.1,3.15
2025-04-01,Luxemburgo,169.75,127.79333333333334,2.093097571367708,6.4,8.1,2.4
2025-07-01,Luxemburgo,163.78,128.79,2.812666311868006,6.0,8.1,2.15
2025-10-01,Luxemburgo,164.37,129.01333333333332,3.2905446878919387,7.2,8.1,2.15
2014-01-01,Malta,92.82,96.29,1.3152356902356832,5.8,1.6,0.25
2014-04-01,Malta,92.73,100.03666666666668,0.5292600408669301,5.7,1.6,0.25
2014-07-01,Malta,94.58,100.87,0.6820601543785054,5.9,1.6,0.15
2014-10-01,Malta,97.92,98.16333333333334,0.5806209228457426,5.5,1.6,0.05
2015-01-01,Malta,95.3,96.89333333333333,0.6265794301935079,5.5,1.1,0.05
2015-04-01,Malta,96.07,101.30666666666667,1.2695345040151906,5.4,1.1,0.05
2015-07-01,Malta,102.72,102.28666666666668,1.4044479693334777,5.2,1.1,0.05
2015-10-01,Malta,105.92,99.52333333333333,1.3854460253319045,5.4,1.1,0.05
2016-01-01,Malta,100.29,97.8,0.9357368928030851,5.3,1.4,0.05
2016-04-01,Malta,102.78,102.26333333333332,0.9443274545932967,4.8,1.4,0.0
2016-07-01,Malta,107.62,103.27,0.9613504529752959,4.3,1.4,0.0
2016-10-01,Malta,111.12,100.27666666666666,0.7569414207723391,4.3,1.4,0.0
2017-01-01,Malta,105.61,99.04,1.2678936605317048,4.2,1.4,0.0
2017-04-01,Malta,108.88,103.39333333333333,1.1049903843019848,3.9,1.4,0.0
2017-07-01,Malta,113.02,104.54,1.2297859978696701,4.0,1.4,0.0
2017-10-01,Malta,116.59,101.72666666666667,1.44599940165544,4.0,1.4,0.0
2018-01-01,Malta,111.25,100.31,1.2823101777059698,4.3,1.7,0.0
2018-04-01,Malta,115.49,105.17666666666666,1.7248049519633657,4.0,1.7,0.0
2018-07-01,Malta,119.27,107.02,2.3722976850966138,3.7,1.7,0.0
2018-10-01,Malta,123.77,103.31,1.5564584835179085,3.9,1.7,0.0
2019-01-01,Malta,118.53,101.51666666666667,1.2029375602299552,4.3,2.6,0.0
2019-04-01,Malta,122.76,107.01333333333332,1.7462681836909244,3.8,2.6,0.0
2019-07-01,Malta,126.44,108.94333333333333,1.79717186818662,4.2,2.6,0.0
2019-10-01,Malta,130.86,104.67666666666666,1.3228793598554445,4.1,2.6,0.0
2020-01-01,Malta,125.06,102.75999999999999,1.224757839435231,4.0,2.8,0.0
2020-04-01,Malta,127.57,108.07,0.9874158983304238,4.8,2.8,0.0
2020-07-01,Malta,129.81,109.61666666666667,0.6180583177799015,5.4,2.8,0.0
2020-10-01,Malta,133.01,105.02666666666669,0.33436295895299395,5.2,2.8,0.0
2021-01-01,Malta,130.82,102.90666666666668,0.14272739068381668,4.2,2.7,0.0
2021-04-01,Malta,134.42,108.20666666666666,0.1264612442552604,3.7,2.7,0.0
2021-07-01,Malta,137.52,110.12333333333333,0.46221681617757415,3.7,2.7,0.0
2021-10-01,Malta,138.99,107.24000000000001,2.107401294909228,3.4,2.7,0.0
2022-01-01,Malta,139.69,107.3,4.269240735941948,3.6,2.9,0.0
2022-04-01,Malta,144.63,114.44666666666667,5.766742652948076,3.7,2.9,0.0
2022-07-01,Malta,146.23,117.91666666666667,7.076913763356241,3.3,2.9,0.5
2022-10-01,Malta,147.24,115.08,7.310704960835501,3.3,2.9,1.25
2023-01-01,Malta,149.89,114.77666666666666,6.968002485243852,3.4,6.0,2.5
2023-04-01,Malta,152.24,121.65333333333335,6.29696510747364,3.7,6.0,3.5
2023-07-01,Malta,154.51,124.03333333333335,5.18727915194348,3.7,6.0,4.25
2023-10-01,Malta,157.05,119.58,3.9103232533889365,3.1,6.0,4.5
2024-01-01,Malta,159.98,118.35333333333334,3.116196671797411,3.4,5.9,4.5
2024-04-01,Malta,162.74,124.44333333333333,2.2934020166593516,3.2,5.9,4.5
2024-07-01,Malta,165.26,126.85333333333334,2.2735823703305513,3.1,5.9,4.25
2024-10-01,Malta,167.1,122.11333333333334,2.118525951942929,3.1,5.9,3.4
2025-01-01,Malta,169.46,120.72000000000001,1.9996620289528533,3.2,6.0,3.15
2025-04-01,Malta,171.92,127.69333333333334,2.6116304609862695,2.9,6.0,2.4
2025-07-01,Malta,175.11,130.0533333333333,2.522598276224497,2.8,6.0,2.15
2025-10-01,Malta,177.36,125.13,2.470382704591345,3.4,6.0,2.15
2014-01-01,Países Bajos,95.82,99.23666666666666,0.4351933067944014,8.7,15.4,0.25
2014-04-01,Países Bajos,96.37,100.31333333333333,0.3501283804061561,8.5,15.4,0.25
2014-07-01,Países Bajos,96.94,100.17333333333333,0.2936857562408246,8.2,15.4,0.15
2014-10-01,Países Bajos,97.31,99.43666666666667,0.19480737581030194,8.2,15.4,0.05
2015-01-01,Países Bajos,98.29,98.77333333333333,-0.4668973161801815,8.0,14.9,0.05
2015-04-01,Países Bajos,99.2,100.69333333333333,0.3788130524357003,7.9,14.9,0.05
2015-07-01,Países Bajos,101.02,100.68333333333334,0.5091175296153327,7.8,14.9,0.05
2015-10-01,Países Bajos,101.5,99.85666666666667,0.4223794039757367,7.7,14.9,0.05
2016-01-01,Países Bajos,102.52,99.12333333333333,0.354346652267834,7.4,10.7,0.05
2016-04-01,Países Bajos,104.03,100.48666666666668,-0.2052436440677763,7.2,10.7,0.0
2016-07-01,Países Bajos,106.58,100.49333333333334,-0.18871047839761346,6.9,10.7,0.0
2016-10-01,Países Bajos,108.03,100.32,0.46399839770336904,6.5,10.7,0.0
2017-01-01,Países Bajos,110.2,100.41666666666667,1.3047718330699176,6.3,9.4,0.0
2017-04-01,Países Bajos,112.06,101.53333333333335,1.0415975585484016,6.1,9.4,0.0
2017-07-01,Países Bajos,115.22,101.97666666666667,1.4760514793684454,5.7,9.4,0.0
2017-10-01,Países Bajos,117.74,101.67666666666666,1.3523391812865437,5.4,9.4,0.0
2018-01-01,Países Bajos,120.32,101.67333333333333,1.2514522821576612,5.2,9.4,0.0
2018-04-01,Países Bajos,122.64,103.08333333333333,1.5265922521339181,5.0,9.4,0.0
2018-07-01,Países Bajos,126.45,103.80333333333333,1.7912594384336122,4.8,9.4,0.0
2018-10-01,Países Bajos,128.2,103.53666666666668,1.8293282627938279,4.6,9.4,0.0
2019-01-01,Países Bajos,130.34,104.18333333333334,2.4686905776670542,4.6,9.9,0.0
2019-04-01,Países Bajos,132.15,105.86666666666667,2.700080840743757,4.4,9.9,0.0
2019-07-01,Países Bajos,134.49,106.71666666666665,2.8065893837705858,4.3,9.9,0.0
2019-10-01,Países Bajos,136.54,106.35666666666667,2.7236727729306853,4.4,9.9,0.0
2020-01-01,Países Bajos,139.3,105.57,1.3309870420732617,4.2,8.3,0.0
2020-04-01,Países Bajos,142.6,107.17666666666666,1.2374055415617091,4.9,8.3,0.0
2020-07-01,Países Bajos,146.0,107.75333333333333,0.9714196470404612,5.3,8.3,0.0
2020-10-01,Países Bajos,148.37,107.33,0.915159682828226,5.1,8.3,0.0
2021-01-01,Países Bajos,153.72,107.45333333333333,1.7839664045972814,4.8,8.3,0.0
2021-04-01,Países Bajos,160.55,109.11,1.8038752215967513,4.4,8.3,0.0
2021-07-01,Países Bajos,169.59,110.29,2.354142176576146,4.0,8.3,0.0
2021-10-01,Países Bajos,175.9,113.07,5.347992173669991,3.8,8.3,0.0
2022-01-01,Países Bajos,182.94,116.96333333333332,8.85035364189104,3.6,10.0,0.0
2022-04-01,Países Bajos,188.58,120.5,10.43900650719458,3.4,10.0,0.0
2022-07-01,Países Bajos,189.95,125.85666666666667,14.114304711820358,3.6,10.0,0.5
2022-10-01,Países Bajos,185.89,127.79,13.018484124878405,3.6,10.0,1.25
2023-01-01,Países Bajos,183.14,125.43,7.238735786143824,3.6,9.3,2.5
2023-04-01,Países Bajos,180.92,128.12,6.323651452282153,3.6,9.3,3.5
2023-07-01,Países Bajos,182.91,129.32000000000002,2.751807611833579,3.6,9.3,4.25
2023-10-01,Países Bajos,186.07,128.35666666666665,0.44343584526695956,3.5,9.3,4.5
2024-01-01,Países Bajos,189.87,129.15333333333334,2.9684551808445647,3.7,6.9,4.5
2024-04-01,Países Bajos,194.81,131.79666666666665,2.8697054844416536,3.7,6.9,4.5
2024-07-01,Países Bajos,201.98,133.65333333333334,3.350860913496212,3.6,6.9,4.25
2024-10-01,Países Bajos,206.31,133.08333333333334,3.6824473472355734,3.7,6.9,3.4
2025-01-01,Países Bajos,210.27,133.4,3.2880813503329387,3.8,6.5,3.15
2025-04-01,Países Bajos,213.35,136.03666666666666,3.2170768102379954,3.8,6.5,2.4
2025-07-01,Países Bajos,217.61,137.18333333333334,2.641161213088594,3.9,6.5,2.15
2025-10-01,Países Bajos,219.01,136.81666666666666,2.8052598622416935,4.0,6.5,2.15
2014-01-01,Polonia,97.15,100.93333333333334,0.6314390162844852,10.2,9.6,0.25
2014-04-01,Polonia,99.3,101.03333333333335,0.297816015883523,9.5,9.6,0.25
2014-07-01,Polonia,98.66,100.56666666666666,-0.16545334215751772,8.7,9.6,0.15
2014-10-01,Polonia,98.89,100.26666666666667,-0.4303210857332096,8.5,9.6,0.05
2015-01-01,Polonia,99.06,99.73333333333333,-1.1889035667107084,8.2,8.7,0.05
2015-04-01,Polonia,100.43,100.39999999999999,-0.6268558231606991,7.7,8.7,0.05
2015-07-01,Polonia,100.63,100.10000000000001,-0.46403712296982924,7.5,8.7,0.05
2015-10-01,Polonia,99.88,99.76666666666667,-0.49867021276596146,7.2,8.7,0.05
2016-01-01,Polonia,100.0,99.43333333333334,-0.30080213903742603,6.7,7.7,0.05
2016-04-01,Polonia,100.84,99.96666666666665,-0.431606905710491,6.4,7.7,0.0
2016-07-01,Polonia,102.73,99.66666666666667,-0.43290043290044045,6.2,7.7,0.0
2016-10-01,Polonia,103.86,100.16666666666667,0.4009355162044814,5.7,7.7,0.0
2017-01-01,Polonia,103.33,101.13333333333333,1.7096882333221375,5.2,6.7,0.0
2017-04-01,Polonia,105.44,101.5,1.5338446148716267,5.1,6.7,0.0
2017-07-01,Polonia,106.5,101.13333333333333,1.4715719063544963,4.8,6.7,0.0
2017-10-01,Polonia,107.86,101.93333333333334,1.7637271214642203,4.6,6.7,0.0
2018-01-01,Polonia,109.48,102.13333333333333,0.9887936717205115,4.1,6.2,0.0
2018-04-01,Polonia,111.95,102.66666666666667,1.1494252873563315,3.8,6.2,0.0
2018-07-01,Polonia,113.43,102.56666666666666,1.4172709294660635,3.9,6.2,0.0
2018-10-01,Polonia,116.11,103.09999999999998,1.1445389143230678,3.9,6.2,0.0
2019-01-01,Polonia,118.34,103.33333333333333,1.1749347258485754,3.7,6.0,0.0
2019-04-01,Polonia,121.1,104.96666666666665,2.24025974025972,3.3,6.0,0.0
2019-07-01,Polonia,123.59,105.16666666666667,2.53493662658435,3.2,6.0,0.0
2019-10-01,Polonia,127.06,105.76666666666667,2.5864856126738056,3.0,6.0,0.0
2020-01-01,Polonia,131.66,107.36666666666667,3.9032258064516157,2.9,4.9,0.0
2020-04-01,Polonia,134.31,108.5,3.3661479834868224,3.2,4.9,0.0
2020-07-01,Polonia,137.06,109.10000000000001,3.740095087163242,3.4,4.9,0.0
2020-10-01,Polonia,138.42,109.60000000000001,3.62433028679483,3.2,4.9,0.0
2021-01-01,Polonia,141.16,111.53333333333335,3.880782365724933,3.8,5.7,0.0
2021-04-01,Polonia,145.5,113.5,4.608294930875578,3.7,5.7,0.0
2021-07-01,Polonia,149.28,114.66666666666667,5.102352581729286,3.1,5.7,0.0
2021-10-01,Polonia,155.15,117.56666666666666,7.268856447688554,2.9,5.7,0.0
2022-01-01,Polonia,160.3,121.56666666666668,8.995815899581583,2.9,5.6,0.0
2022-04-01,Polonia,163.5,128.03333333333333,12.80469897209986,2.9,5.6,0.0
2022-07-01,Polonia,167.38,131.73333333333335,14.883720930232558,2.9,5.6,0.5
2022-10-01,Polonia,169.64,136.29999999999998,15.934221718174069,2.8,5.6,1.25
2023-01-01,Polonia,169.52,141.1,16.068001096791875,2.7,5.9,2.5
2023-04-01,Polonia,175.0,144.03333333333333,12.496745639156458,2.8,5.9,3.5
2023-07-01,Polonia,182.88,143.79999999999998,9.159919028340058,2.8,5.9,4.25
2023-10-01,Polonia,191.72,144.86666666666667,6.28515529469309,3.1,5.9,4.5
2024-01-01,Polonia,200.04,146.23333333333335,3.6380817387196007,2.9,5.2,4.5
2024-04-01,Polonia,205.92,148.23333333333332,2.915991668595219,2.8,5.2,4.5
2024-07-01,Polonia,209.2,149.70000000000002,4.102920723226733,3.0,5.2,4.25
2024-10-01,Polonia,211.65,150.66666666666666,4.003681546249416,2.9,5.2,3.4
2025-01-01,Polonia,213.2,152.6,4.353772509687692,3.1,4.1,3.15
2025-04-01,Polonia,215.66,153.5,3.552957049696426,3.0,4.1,2.4
2025-07-01,Polonia,217.54,153.93333333333334,2.8278779781785612,3.2,4.1,2.15
2025-10-01,Polonia,220.82,154.66666666666666,2.6548672566371723,3.2,4.1,2.15
2014-01-01,Portugal,96.16,98.74000000000001,-0.14495196359344265,15.6,9.2,0.25
2014-04-01,Portugal,97.7,99.98333333333333,-0.21291460128414208,15.0,9.2,0.25
2014-07-01,Portugal,97.31,99.56666666666666,-0.2604514491785781,14.0,9.2,0.15
2014-10-01,Portugal,96.98,99.69,-0.02005816868919652,13.9,9.2,0.05
2015-01-01,Portugal,96.94,98.73666666666668,-0.003375869286337263,13.8,9.1,0.05
2015-04-01,Portugal,100.57,100.71666666666665,0.7334555759292982,12.9,9.1,0.05
2015-07-01,Portugal,100.65,100.32000000000001,0.7566119852695063,12.7,9.1,0.05
2015-10-01,Portugal,101.84,100.22666666666667,0.5383355067375639,12.5,9.1,0.05
2016-01-01,Portugal,103.67,99.18,0.4490057729313657,12.4,7.5,0.05
2016-04-01,Portugal,106.91,101.25333333333333,0.5328479232169503,11.6,7.5,0.0
2016-07-01,Portugal,108.31,101.06333333333333,0.7409622541201477,11.2,7.5,0.0
2016-10-01,Portugal,109.57,101.04666666666667,0.8181455367832768,10.8,7.5,0.0
2017-01-01,Portugal,111.89,100.58666666666666,1.4182966996034052,10.1,6.7,0.0
2017-04-01,Portugal,115.51,102.98666666666666,1.711877798261785,9.5,6.7,0.0
2017-07-01,Portugal,119.6,102.38666666666667,1.3094099409611148,9.0,6.7,0.0
2017-10-01,Portugal,121.06,102.84666666666668,1.7813551494359148,8.3,6.7,0.0
2018-01-01,Portugal,125.58,101.45,0.8582979851537775,7.7,5.7,0.0
2018-04-01,Portugal,128.49,104.26666666666667,1.242879337131031,7.3,5.7,0.0
2018-07-01,Portugal,129.72,104.21666666666665,1.7873421018361535,7.1,5.7,0.0
2018-10-01,Portugal,132.34,103.64666666666666,0.7778570039540966,6.7,5.7,0.0
2019-01-01,Portugal,137.14,102.23666666666668,0.7754230326926237,6.6,5.7,0.0
2019-04-01,Portugal,140.65,104.91333333333334,0.6202046035805653,6.7,5.7,0.0
2019-07-01,Portugal,143.67,103.85333333333334,-0.3486326563249431,6.4,5.7,0.0
2019-10-01,Portugal,146.07,103.81666666666666,0.1640187817585348,6.7,5.7,0.0
2020-01-01,Portugal,151.67,102.74333333333334,0.4955821460010945,6.7,4.1,0.0
2020-04-01,Portugal,154.34,104.71999999999998,-0.184279087500816,6.0,4.1,0.0
2020-07-01,Portugal,153.61,103.47333333333334,-0.36590062909230836,8.3,4.1,0.0
2020-10-01,Portugal,157.69,103.38,-0.4206132605554691,7.2,4.1,0.0
2021-01-01,Portugal,161.7,102.94333333333333,0.19465983194366654,7.0,5.9,0.0
2021-04-01,Portugal,166.4,104.65666666666668,-0.06047873694929873,7.3,5.9,0.0
2021-07-01,Portugal,171.3,104.74333333333334,1.2273693705302513,6.5,5.9,0.0
2021-10-01,Portugal,175.96,105.87333333333333,2.411814019475078,6.3,5.9,0.0
2022-01-01,Portugal,182.64,107.49333333333334,4.4199073924165555,5.8,5.0,0.0
2022-04-01,Portugal,188.31,113.20333333333333,8.16638532343854,6.3,5.0,0.0
2022-07-01,Portugal,193.82,114.72666666666667,9.531235082582823,6.2,5.0,0.5
2022-10-01,Portugal,195.91,116.67999999999999,10.207165795604812,6.5,5.0,1.25
2023-01-01,Portugal,198.55,116.51666666666667,8.394319027536579,6.8,4.9,2.5
2023-04-01,Portugal,204.74,119.60333333333334,5.653543770795921,6.5,4.9,3.5
2023-07-01,Portugal,208.48,120.25,4.814341333023409,6.4,4.9,4.25
2023-10-01,Portugal,211.27,119.53333333333335,2.445434807450586,6.5,4.9,4.5
2024-01-01,Portugal,212.45,119.38666666666667,2.4631669289086,6.5,6.9,4.5
2024-04-01,Portugal,220.74,123.27999999999999,3.0740503330453306,6.4,6.9,4.5
2024-07-01,Portugal,228.89,123.05666666666667,2.334026334026329,6.4,6.9,4.25
2024-10-01,Portugal,235.68,122.88666666666666,2.8053541550473904,6.6,6.9,3.4
2025-01-01,Portugal,247.05,122.18333333333334,2.342528478892114,6.3,6.3,3.15
2025-04-01,Portugal,258.78,125.7,1.9630110317975458,6.1,6.3,2.4
2025-07-01,Portugal,269.35,125.89999999999999,2.3105886177099855,6.0,6.3,2.15
2025-10-01,Portugal,280.21,125.55,2.167308631259157,5.7,6.3,2.15
2014-01-01,Rumanía,98.37,100.32,1.254920431988693,8.7,16.2,0.25
2014-04-01,Rumanía,96.88,100.73666666666668,1.2802037601796545,8.7,16.2,0.25
2014-07-01,Rumanía,96.01,100.28666666666668,1.5492624970466329,8.6,16.2,0.15
2014-10-01,Rumanía,97.62,100.31333333333333,1.4495685005393888,8.6,16.2,0.05
2015-01-01,Rumanía,101.01,100.86666666666667,0.5449229133439815,8.7,15.9,0.05
2015-04-01,Rumanía,99.76,101.08999999999999,0.35074947883919627,8.4,15.9,0.05
2015-07-01,Rumanía,98.87,98.75,-1.5322741474440016,8.2,15.9,0.05
2015-10-01,Rumanía,100.36,99.29,-1.0201369043663089,8.1,15.9,0.05
2016-01-01,Rumanía,103.65,98.83,-2.019167217448792,7.8,14.4,0.05
2016-04-01,Rumanía,106.59,98.96999999999998,-2.097141161341387,7.2,14.4,0.0
2016-07-01,Rumanía,105.86,98.69,-0.06075949367089217,7.0,14.4,0.0
2016-10-01,Rumanía,107.7,99.21,-0.08057206163764041,6.7,14.4,0.0
2017-01-01,Rumanía,108.96,99.23666666666668,0.4114809942999953,6.5,12.3,0.0
2017-04-01,Rumanía,114.27,99.58333333333333,0.6197164123808774,6.1,12.3,0.0
2017-07-01,Rumanía,112.44,99.63,0.9524774546559867,5.9,12.3,0.0
2017-10-01,Rumanía,113.75,101.56333333333333,2.372072707724371,5.8,12.3,0.0
2018-01-01,Rumanía,116.1,102.93333333333334,3.7251016089483002,5.6,10.3,0.0
2018-04-01,Rumanía,119.66,104.10000000000001,4.535564853556506,5.4,10.3,0.0
2018-07-01,Rumanía,118.88,104.19333333333333,4.580280370704948,5.1,10.3,0.0
2018-10-01,Rumanía,119.83,105.09333333333332,3.4756637894252984,5.0,10.3,0.0
2019-01-01,Rumanía,119.91,106.85333333333334,3.808290155440419,4.9,8.6,0.0
2019-04-01,Rumanía,121.79,108.53000000000002,4.255523535062444,4.9,8.6,0.0
2019-07-01,Rumanía,123.57,108.25666666666666,3.8998016507773903,4.9,8.6,0.0
2019-10-01,Rumanía,125.49,108.96333333333332,3.682441004821113,4.9,8.6,0.0
2020-01-01,Rumanía,129.62,110.20333333333333,3.135138507611668,5.1,7.1,0.0
2020-04-01,Rumanía,129.77,110.77,2.063945452870164,6.6,7.1,0.0
2020-07-01,Rumanía,126.38,110.80333333333334,2.352434030236794,6.4,7.1,0.0
2020-10-01,Rumanía,127.97,110.89666666666666,1.7742971641836691,6.0,7.1,0.0
2021-01-01,Rumanía,131.45,112.76,2.3199540243791894,5.9,7.5,0.0
2021-04-01,Rumanía,133.61,114.22000000000001,3.114561704432628,5.5,7.5,0.0
2021-07-01,Rumanía,133.78,115.60333333333334,4.331999639000017,5.5,7.5,0.0
2021-10-01,Rumanía,137.51,118.25333333333333,6.633803240253688,5.6,7.5,0.0
2022-01-01,Rumanía,139.82,122.05,8.238737140830077,5.8,8.5,0.0
2022-04-01,Rumanía,144.94,128.36666666666667,12.385454969941033,5.6,8.5,0.0
2022-07-01,Rumanía,143.2,130.9333333333333,13.260863296906056,5.5,8.5,0.5
2022-10-01,Rumanía,146.83,134.88666666666666,14.065847333408499,5.6,8.5,1.25
2023-01-01,Rumanía,146.28,137.89666666666668,12.983749829304948,5.6,9.1,2.5
2023-04-01,Rumanía,145.14,140.88333333333333,9.750714100233694,5.6,9.1,3.5
2023-07-01,Rumanía,150.02,142.88666666666666,9.129327902240348,5.4,9.1,4.25
2023-10-01,Rumanía,152.28,144.88,7.408688775762373,5.7,9.1,4.5
2024-01-01,Rumanía,154.26,147.62,7.051173584084691,5.2,4.7,4.5
2024-04-01,Rumanía,155.06,149.03333333333333,5.784928427777114,5.3,4.7,4.5
2024-07-01,Rumanía,155.86,150.46333333333334,5.302570802034268,5.8,4.7,4.25
2024-10-01,Rumanía,158.36,152.53666666666666,5.284833425363522,5.7,4.7,3.4
2025-01-01,Rumanía,161.75,155.26333333333332,5.177708530912684,6.0,5.0,3.15
2025-04-01,Rumanía,162.38,157.03,5.365690002236634,6.1,5.0,2.4
2025-07-01,Rumanía,166.14,162.36333333333334,7.908903608852658,6.0,5.0,2.15
2025-10-01,Rumanía,168.99,165.58333333333334,8.553134765411595,6.2,5.0,2.15
2014-01-01,Suecia,85.18,98.71666666666665,-0.020255899530763344,8.2,8.6,0.25
2014-04-01,Suecia,87.07,99.42999999999999,0.31612577770303574,8.0,8.6,0.25
2014-07-01,Suecia,89.97,99.41000000000001,0.22179655207179572,7.9,8.6,0.15
2014-10-01,Suecia,91.39,99.65333333333335,0.30531789968126777,8.0,8.6,0.05
2015-01-01,Suecia,95.21,99.30333333333333,0.5942934323822424,7.9,8.7,0.05
2015-04-01,Suecia,98.37,100.02666666666666,0.6000871634985971,7.7,8.7,0.05
2015-07-01,Suecia,102.12,100.17999999999999,0.7745699627803804,7.2,8.7,0.05
2015-10-01,Suecia,104.3,100.49000000000001,0.8395772009633262,7.2,8.7,0.05
2016-01-01,Suecia,105.66,100.37,1.0741499110469732,7.3,8.5,0.05
2016-04-01,Suecia,106.9,101.04333333333334,1.0163956278326003,6.9,8.5,0.0
2016-07-01,Suecia,109.35,101.23,1.0481133958874178,7.0,8.5,0.0
2016-10-01,Suecia,111.06,101.89999999999999,1.4031246890237714,7.0,8.5,0.0
2017-01-01,Suecia,114.02,102.0,1.6239912324399697,6.8,8.4,0.0
2017-04-01,Suecia,115.97,102.91000000000001,1.847392207963594,6.8,8.4,0.0
2017-07-01,Suecia,117.59,103.49000000000001,2.232539760940444,6.8,8.4,0.0
2017-10-01,Suecia,114.13,103.69333333333333,1.7598953222113245,6.7,8.4,0.0
2018-01-01,Suecia,113.24,103.75999999999999,1.7254901960784164,6.3,8.3,0.0
2018-04-01,Suecia,114.04,104.94,1.9725974152171588,6.4,8.3,0.0
2018-07-01,Suecia,115.16,105.8,2.2320997197796677,6.6,8.3,0.0
2018-10-01,Suecia,114.96,105.98333333333333,2.2084351292272153,6.6,8.3,0.0
2019-01-01,Suecia,114.97,105.70333333333333,1.8729118478540308,6.9,9.4,0.0
2019-04-01,Suecia,116.51,106.96,1.9249094720792836,6.6,9.4,0.0
2019-07-01,Suecia,118.54,107.26333333333334,1.3831127914303742,7.2,9.4,0.0
2019-10-01,Suecia,118.73,107.79333333333334,1.707815694291548,7.0,9.4,0.0
2020-01-01,Suecia,120.2,106.96999999999998,1.1983223487118,7.3,8.3,0.0
2020-04-01,Suecia,120.3,107.25333333333333,0.27424582398405395,8.6,8.3,0.0
2020-07-01,Suecia,122.95,108.07666666666667,0.7582584915628132,9.4,8.3,0.0
2020-10-01,Suecia,124.99,108.23,0.40509617168655865,8.8,8.3,0.0
2021-01-01,Suecia,128.9,109.02,1.9164251659343767,9.2,8.5,0.0
2021-04-01,Suecia,133.44,109.73333333333335,2.312282446544023,9.2,8.5,0.0
2021-07-01,Suecia,136.89,110.73,2.455047342935579,8.9,8.5,0.0
2021-10-01,Suecia,138.62,112.46333333333332,3.9114232036711716,8.2,8.5,0.0
2022-01-01,Suecia,142.19,114.35000000000001,4.889011190607229,7.7,9.1,0.0
2022-04-01,Suecia,142.86,118.14333333333333,7.664034021871191,7.8,9.1,0.0
2022-07-01,Suecia,138.46,121.09333333333332,9.3591017188958,7.1,9.1,0.5
2022-10-01,Suecia,133.49,123.98666666666668,10.246302498592152,7.4,9.1,1.25
2023-01-01,Suecia,132.64,124.79333333333334,9.132779478210162,7.4,10.9,2.5
2023-04-01,Suecia,133.21,126.3,6.904043111474767,7.6,10.9,3.5
2023-07-01,Suecia,132.68,126.94666666666667,4.833737062321086,7.8,10.9,4.25
2023-10-01,Suecia,129.68,127.73,3.01914184320895,8.1,10.9,4.5
2024-01-01,Suecia,130.53,128.28,2.793952668411781,8.3,10.6,4.5
2024-04-01,Suecia,132.19,128.92,2.0744259699128964,8.3,10.6,4.5
2024-07-01,Suecia,132.98,128.74,1.412666736687318,8.5,10.6,4.25
2024-10-01,Suecia,132.43,129.9766666666667,1.7589185521542872,8.4,10.6,3.4
2025-01-01,Suecia,133.28,131.25,2.315247895229189,8.8,10.8,3.15
2025-04-01,Suecia,132.96,132.05666666666667,2.4330334057296676,8.6,10.8,2.4
2025-07-01,Suecia,133.4,132.90333333333334,3.2339081352597,8.8,10.8,2.15
2025-10-01,Suecia,134.0,133.19666666666666,2.477367732669933,9.1,10.8,2.15
