date,country,year,quarter,hpi,hpi_target_1q,inflation_yoy,unemployment_rate,housing_overburden_rate,ecb_main_refinancing_rate,hpi_lag_1,hpi_lag_2,hpi_lag_3,hpi_lag_4,hpi_lag_8,hpi_qoq_growth,hpi_yoy_growth,hpi_rolling_mean_4,hpi_rolling_std_4,hpi_rolling_mean_8,inflation_yoy_lag_1,inflation_yoy_lag_2,inflation_yoy_lag_4,unemployment_rate_lag_1,unemployment_rate_lag_2,unemployment_rate_lag_4,housing_overburden_rate_lag_1,housing_overburden_rate_lag_2,housing_overburden_rate_lag_4,ecb_main_refinancing_rate_lag_1,ecb_main_refinancing_rate_lag_2,ecb_main_refinancing_rate_lag_4,unemployment_change_1q,ecb_rate_change_1q,inflation_change_1q
2016-01-01,Alemania,2016,1,103.9,106.9,0.1347708894878563,4.0,15.8,0.05,101.8,100.4,99.9,97.8,93.8,2.062868369351678,6.2372188139059315,101.5,1.7907168024751683,98.98750000000001,0.5369127516778649,1.070234113712365,-0.1345895020188336,4.3,4.2,4.5,15.6,15.6,15.6,0.05,0.05,0.05,-0.2999999999999998,0.0,-0.4021418621900086
2016-04-01,Alemania,2016,2,106.9,108.8,-0.0995685363425202,4.0,15.8,0.0,103.9,101.8,100.4,99.9,95.7,2.887391722810384,7.0070070070070045,103.25,2.8266588050205685,100.3875,0.1347708894878563,0.5369127516778649,1.2432795698924748,4.0,4.3,4.4,15.8,15.6,15.6,0.05,0.05,0.05,0.0,-0.05,-0.23433942583037648
2016-07-01,Alemania,2016,3,108.8,110.4,0.3970880211780159,3.8,15.8,0.0,106.9,103.9,101.8,100.4,96.2,1.7773620205799645,8.366533864541825,105.35000000000001,3.109662361093309,101.96249999999999,-0.0995685363425202,0.1347708894878563,1.070234113712365,4.0,4.0,4.2,15.8,15.8,15.6,0.0,0.05,0.05,-0.20000000000000018,0.0,0.4966565575205361
2016-10-01,Alemania,2016,4,110.4,110.9,1.0347129506007802,3.7,15.8,0.0,108.8,106.9,103.9,101.8,96.2,1.4705882352941346,8.447937131630656,107.5,2.7940412786262163,103.73750000000001,0.3970880211780159,-0.0995685363425202,0.5369127516778649,3.8,4.0,4.3,15.8,15.8,15.6,0.0,0.0,0.05,-0.09999999999999964,0.0,0.6376249294227643
2017-01-01,Alemania,2017,1,110.9,113.1,1.7833109017496571,3.7,14.5,0.0,110.4,108.8,106.9,103.9,97.8,0.45289855072463414,6.737247353224252,109.25000000000001,1.804623691152086,105.375,1.0347129506007802,0.3970880211780159,0.1347708894878563,3.7,3.8,4.0,15.8,15.8,15.8,0.0,0.0,0.05,0.0,0.0,0.748597951148877
2017-04-01,Alemania,2017,2,113.1,115.0,1.661129568106312,3.6,14.5,0.0,110.9,110.4,108.8,106.9,99.9,1.9837691614066566,5.799812909260971,110.8,1.7757627469158648,107.025,1.7833109017496571,1.0347129506007802,-0.0995685363425202,3.7,3.7,4.0,14.5,15.8,15.8,0.0,0.0,0.0,-0.10000000000000009,0.0,-0.12218133364334505
2017-07-01,Alemania,2017,3,115.0,117.3,1.8127883981542412,3.5,14.5,0.0,113.1,110.9,110.4,108.8,100.4,1.6799292661361598,5.698529411764719,112.35,2.1205345238094186,108.85000000000001,1.661129568106312,1.7833109017496571,0.3970880211780159,3.6,3.7,3.8,14.5,14.5,15.8,0.0,0.0,0.0,-0.10000000000000009,0.0,0.15165883004792913
2017-10-01,Alemania,2017,4,117.3,118.3,1.5526924347538884,3.4,14.5,0.0,115.0,113.1,110.9,110.4,101.8,2.0000000000000018,6.25,114.075,2.725649769627015,110.7875,1.8127883981542412,1.661129568106312,1.0347129506007802,3.5,3.6,3.7,14.5,14.5,15.8,0.0,0.0,0.0,-0.10000000000000009,0.0,-0.2600959634003528
2018-01-01,Alemania,2018,1,118.3,120.6,1.454545454545464,3.2,14.2,0.0,117.3,115.0,113.1,110.9,103.9,0.8525149190110826,6.672678088367889,115.925,2.3357725345877913,112.58749999999999,1.5526924347538884,1.8127883981542412,1.7833109017496571,3.4,3.5,3.7,14.5,14.5,14.5,0.0,0.0,0.0,-0.19999999999999973,0.0,-0.0981469802084245
2018-04-01,Alemania,2018,2,120.6,123.1,1.928104575163392,3.3,14.2,0.0,118.3,117.3,115.0,113.1,106.9,1.9442096365173356,6.6312997347480085,117.8,2.3223551264470474,114.3,1.454545454545464,1.5526924347538884,1.661129568106312,3.2,3.4,3.6,14.2,14.5,14.5,0.0,0.0,0.0,0.09999999999999964,0.0,0.47355912061792815
2018-07-01,Alemania,2018,3,123.1,124.6,2.201359663321467,3.1,14.2,0.0,120.6,118.3,117.3,115.0,108.8,2.072968490878946,7.043478260869551,119.825,2.5837634050615192,116.0875,1.928104575163392,1.454545454545464,1.8127883981542412,3.3,3.2,3.5,14.2,14.2,14.5,0.0,0.0,0.0,-0.19999999999999973,0.0,0.2732550881580751
2018-10-01,Alemania,2018,4,124.6,124.6,2.1470396877033338,3.1,14.2,0.0,123.1,120.6,118.3,117.3,110.4,1.2185215272136452,6.223358908780896,121.64999999999999,2.776688675383312,117.8625,2.201359663321467,1.928104575163392,1.5526924347538884,3.1,3.3,3.4,14.2,14.2,14.5,0.0,0.0,0.0,0.0,0.0,-0.0543199756181334
2019-01-01,Alemania,2019,1,124.6,127.8,1.5640273704790042,3.0,13.9,0.0,124.6,123.1,120.6,118.3,110.9,0.0,5.3254437869822535,123.225,1.8874586088182337,119.57499999999999,2.1470396877033338,2.201359663321467,1.454545454545464,3.1,3.1,3.2,14.2,14.2,14.2,0.0,0.0,0.0,-0.10000000000000009,0.0,-0.5830123172243296
2019-04-01,Alemania,2019,2,127.8,129.6,1.6672010259698666,2.9,13.9,0.0,124.6,124.6,123.1,120.6,113.1,2.5682182985553803,5.970149253731338,125.025,1.9805302320343954,121.4125,1.5640273704790042,2.1470396877033338,1.928104575163392,3.0,3.1,3.3,13.9,14.2,14.2,0.0,0.0,0.0,-0.10000000000000009,0.0,0.10317365549086244
2019-07-01,Alemania,2019,3,129.6,132.7,1.0136205258156394,2.9,13.9,0.0,127.8,124.6,124.6,123.1,115.0,1.4084507042253502,5.280259951259136,126.64999999999999,2.4785748593366494,123.23749999999998,1.6672010259698666,1.5640273704790042,2.201359663321467,2.9,3.0,3.1,13.9,13.9,14.2,0.0,0.0,0.0,0.0,0.0,-0.6535805001542272
2019-10-01,Alemania,2019,4,132.7,133.8,1.178343949044569,3.0,13.9,0.0,129.6,127.8,124.6,124.6,117.3,2.3919753086419693,6.5008025682183,128.675,3.3875999370256014,125.1625,1.0136205258156394,1.6672010259698666,2.1470396877033338,2.9,2.9,3.1,13.9,13.9,14.2,0.0,0.0,0.0,0.10000000000000009,0.0,0.16472342322892963
2020-01-01,Alemania,2020,1,133.8,136.2,1.5720243824189906,3.3,9.0,0.0,132.7,129.6,127.8,124.6,118.3,0.8289374529012905,7.383627608346721,130.975,2.7645071893563222,127.1,1.178343949044569,1.0136205258156394,1.5640273704790042,3.0,2.9,3.0,13.9,13.9,13.9,0.0,0.0,0.0,0.2999999999999998,0.0,0.3936804333744215
2020-04-01,Alemania,2020,2,136.2,140.3,0.6937874487543461,3.6,9.0,0.0,133.8,132.7,129.6,127.8,120.6,1.7937219730941534,6.572769953051627,133.075,2.7390691849609943,129.05,1.5720243824189906,1.178343949044569,1.6672010259698666,3.3,3.0,2.9,9.0,13.9,13.9,0.0,0.0,0.0,0.30000000000000027,0.0,-0.8782369336646445
2020-07-01,Alemania,2020,3,140.3,144.3,-0.156788962057075,3.9,9.0,0.0,136.2,133.8,132.7,129.6,123.1,3.010279001468441,8.256172839506192,135.75,3.36699668349549,131.2,0.6937874487543461,1.5720243824189906,1.0136205258156394,3.6,3.3,2.9,9.0,9.0,13.9,0.0,0.0,0.0,0.2999999999999998,0.0,-0.8505764108114211
2020-10-01,Alemania,2020,4,144.3,146.3,-0.5980484734025793,3.7,9.0,0.0,140.3,136.2,133.8,132.7,124.6,2.851033499643618,8.741522230595344,138.65,4.624932431939188,133.6625,-0.156788962057075,0.6937874487543461,1.178343949044569,3.9,3.6,3.0,9.0,9.0,13.9,0.0,0.0,0.0,-0.19999999999999973,0.0,-0.4412595113455043
2021-01-01,Alemania,2021,1,146.3,151.8,1.7372078332280383,3.9,11.0,0.0,144.3,140.3,136.2,133.8,124.6,1.3860013860013787,9.342301943198805,141.775,4.476140450581984,136.375,-0.5980484734025793,-0.156788962057075,1.5720243824189906,3.7,3.9,3.3,9.0,9.0,9.0,0.0,0.0,0.0,0.19999999999999973,0.0,2.3352563066306176
2021-04-01,Alemania,2021,2,151.8,158.2,2.1609771374882625,3.7,11.0,0.0,146.3,144.3,140.3,136.2,127.8,3.759398496240607,11.453744493392094,145.675,4.784959073318826,139.375,1.7372078332280383,-0.5980484734025793,0.6937874487543461,3.9,3.7,3.6,11.0,9.0,9.0,0.0,0.0,0.0,-0.19999999999999973,0.0,0.4237693042602242
2021-07-01,Alemania,2021,3,158.2,162.5,3.5175879396984966,3.4,11.0,0.0,151.8,146.3,144.3,140.3,129.6,4.216073781291163,12.75837491090519,150.15,6.233511583904326,142.95000000000002,2.1609771374882625,1.7372078332280383,-0.156788962057075,3.7,3.9,3.9,11.0,11.0,9.0,0.0,0.0,0.0,-0.30000000000000027,0.0,1.3566108022102341
2021-10-01,Alemania,2021,4,162.5,164.1,5.446485117162769,3.4,11.0,0.0,158.2,151.8,146.3,144.3,132.7,2.718078381795208,12.612612612612594,154.7,7.119456908126455,146.675,3.5175879396984966,2.1609771374882625,-0.5980484734025793,3.4,3.7,3.7,11.0,11.0,9.0,0.0,0.0,0.0,0.0,0.0,1.9288971774642727
2022-01-01,Alemania,2022,1,164.1,167.4,6.08506674945668,3.1,11.9,0.0,162.5,158.2,151.8,146.3,133.8,0.9846153846153838,12.166780587833204,159.15,5.496968861715498,150.4625,5.446485117162769,3.5175879396984966,1.7372078332280383,3.4,3.4,3.9,11.0,11.0,11.0,0.0,0.0,0.0,-0.2999999999999998,0.0,0.6385816322939109
2022-04-01,Alemania,2022,2,167.4,166.3,8.277130594727167,3.1,11.9,0.0,164.1,162.5,158.2,151.8,136.2,2.010968921389411,10.276679841897218,163.05,3.8231749458624176,154.3625,6.08506674945668,5.446485117162769,2.1609771374882625,3.1,3.4,3.7,11.9,11.0,11.0,0.0,0.0,0.0,0.0,0.0,2.1920638452704866
2022-07-01,Alemania,2022,3,166.3,158.5,9.40533980582523,3.2,11.9,0.5,167.4,164.1,162.5,158.2,140.3,-0.6571087216248439,5.120101137800259,165.075,2.197536499508058,157.6125,8.277130594727167,6.08506674945668,3.5175879396984966,3.1,3.1,3.4,11.9,11.9,11.0,0.0,0.0,0.0,0.10000000000000009,0.5,1.1282092110980635
2022-10-01,Alemania,2022,4,158.5,153.7,10.81081081081081,3.1,11.9,1.25,166.3,167.4,164.1,162.5,144.3,-4.690318701142515,-2.4615384615384595,164.075,3.9617967304414745,159.3875,9.40533980582523,8.277130594727167,5.446485117162769,3.2,3.1,3.4,11.9,11.9,11.0,0.5,0.0,0.0,-0.10000000000000009,0.75,1.4054710049855803
2023-01-01,Alemania,2023,1,153.7,151.6,8.721100380450686,3.0,13.0,2.5,158.5,166.3,167.4,164.1,146.3,-3.0283911671924346,-6.337599024984764,161.475,6.523994175350209,160.3125,10.81081081081081,9.40533980582523,6.08506674945668,3.1,3.2,3.1,11.9,11.9,11.9,1.25,0.5,0.0,-0.10000000000000009,1.25,-2.0897104303601246
2023-04-01,Alemania,2023,2,151.6,149.3,6.879954699886737,3.0,13.0,3.5,153.7,158.5,166.3,167.4,151.8,-1.3662979830839306,-9.438470728793313,157.525,6.523994175350209,160.2875,8.721100380450686,10.81081081081081,8.277130594727167,3.0,3.1,3.1,13.0,11.9,11.9,2.5,1.25,0.0,0.0,1.0,-1.8411456805639492
2023-07-01,Alemania,2023,3,149.3,146.4,5.740432612312807,3.1,13.0,4.25,151.6,153.7,158.5,166.3,158.2,-1.517150395778355,-10.222489476849073,153.275,3.91950251945363,159.17499999999998,6.879954699886737,8.721100380450686,9.40533980582523,3.0,3.0,3.2,13.0,13.0,11.9,3.5,2.5,0.5,0.10000000000000009,0.75,-1.1395220875739298
2023-10-01,Alemania,2023,4,146.4,145.8,3.0081300813008083,3.2,13.0,4.5,149.3,151.6,153.7,158.5,162.5,-1.942397856664435,-7.634069400630916,150.25,3.1331560233524938,157.1625,5.740432612312807,6.879954699886737,10.81081081081081,3.1,3.0,3.1,13.0,13.0,11.9,4.25,3.5,1.25,0.10000000000000009,0.25,-2.7323025310119986
2024-01-01,Alemania,2024,1,145.8,147.8,2.718707940780618,3.3,12.0,4.5,146.4,149.3,151.6,153.7,164.1,-0.4098360655737654,-5.139882888744296,148.275,2.692427653005743,154.875,3.0081300813008083,5.740432612312807,8.721100380450686,3.2,3.1,3.0,13.0,13.0,13.0,4.5,4.25,2.5,0.09999999999999964,0.0,-0.2894221405201902
2024-04-01,Alemania,2024,2,147.8,149.0,2.569536423841079,3.4,12.0,4.5,145.8,146.4,149.3,151.6,167.4,1.3717421124828544,-2.506596306068587,147.325,1.5607156478156814,152.425,2.718707940780618,3.0081300813008083,6.879954699886737,3.3,3.2,3.0,12.0,13.0,13.0,4.5,4.5,3.5,0.10000000000000009,0.0,-0.14917151693953912
2024-07-01,Alemania,2024,3,149.0,149.2,2.1505376344086,3.5,12.0,4.25,147.8,145.8,146.4,149.3,166.3,0.8119079837618282,-0.20093770931012278,147.25,1.4364307617621956,150.2625,2.569536423841079,2.718707940780618,5.740432612312807,3.4,3.3,3.1,12.0,12.0,13.0,4.5,4.5,4.25,0.10000000000000009,-0.25,-0.41899878943247915
2024-10-01,Alemania,2024,4,149.2,150.9,2.525651144435681,3.4,12.0,3.4,149.0,147.8,145.8,146.4,158.5,0.13422818791946067,1.91256830601092,147.95,1.5609825965301647,149.1,2.1505376344086,2.569536423841079,3.0081300813008083,3.5,3.4,3.2,12.0,12.0,13.0,4.25,4.5,4.5,-0.10000000000000009,-0.8500000000000001,0.37511351002708127
2025-01-01,Alemania,2025,1,150.9,152.4,2.5681341719077544,3.7,11.2,3.15,149.2,149.0,147.8,145.8,153.7,1.1394101876675666,3.4979423868312765,149.225,1.2763881332377345,148.75,2.525651144435681,2.1505376344086,2.718707940780618,3.4,3.5,3.3,12.0,12.0,12.0,3.4,4.25,4.5,0.30000000000000027,-0.25,0.04248302747207333
2025-04-01,Alemania,2025,2,152.4,153.6,2.0919421487603174,3.8,11.2,2.4,150.9,149.2,149.0,147.8,151.6,0.994035785288272,3.112313937753708,150.375,1.5966109941592368,148.85000000000002,2.5681341719077544,2.525651144435681,2.569536423841079,3.7,3.4,3.4,11.2,12.0,12.0,3.15,3.4,4.5,0.09999999999999964,-0.75,-0.476192023147437
2025-07-01,Alemania,2025,3,153.6,153.7,2.1052631578947434,4.0,11.2,2.15,152.4,150.9,149.2,149.0,149.3,0.7874015748031482,3.08724832214764,151.525,1.9032866310683356,149.38750000000002,2.0919421487603174,2.5681341719077544,2.1505376344086,3.8,3.7,3.5,11.2,11.2,12.0,2.4,3.15,4.25,0.20000000000000018,-0.25,0.01332100913442602
2016-01-01,España,2016,1,102.74,104.55,-0.7996760805749625,20.4,10.2,0.05,101.31,101.34,100.67,96.67,95.2,1.4115092290988063,6.279093824350879,101.515,0.8731742857718973,99.21,-0.4797829395804531,-0.5614804478554114,-1.140798558991285,21.0,21.6,23.2,10.3,10.3,10.3,0.05,0.05,0.05,-0.6000000000000014,0.0,-0.31989314099450944
2016-04-01,España,2016,2,104.55,105.41,-1.0376861246541025,20.1,10.2,0.0,102.74,101.31,101.34,100.67,96.78,1.7617286353903028,3.8541770140061438,102.485,1.5298039090026951,100.18125,-0.7996760805749625,-0.4797829395804531,-0.3414313854235185,20.4,21.0,22.5,10.2,10.3,10.3,0.05,0.05,0.05,-0.29999999999999716,-0.05,-0.23801004407913995
2016-07-01,España,2016,3,105.41,105.78,-0.3040427664550704,19.3,10.2,0.0,104.55,102.74,101.31,101.34,96.99,0.8225729316116759,4.016183145845664,103.5025,1.8370515325742134,101.23375,-1.0376861246541025,-0.7996760805749625,-0.5614804478554114,20.1,20.4,21.6,10.2,10.2,10.3,0.0,0.05,0.05,-0.8000000000000007,0.0,0.733643358199032
2016-10-01,España,2016,4,105.78,108.2,0.7946271237157854,18.7,10.2,0.0,105.41,104.55,102.74,101.31,97.18,0.35101034057489766,4.412200177672498,104.61999999999999,1.3551137713613828,102.30875,-0.3040427664550704,-1.0376861246541025,-0.4797829395804531,19.3,20.1,21.0,10.2,10.2,10.3,0.0,0.0,0.05,-0.6000000000000014,0.0,1.0986698901708558
2017-01-01,España,2017,1,108.2,110.39,2.704081632653055,18.1,9.8,0.0,105.78,105.41,104.55,102.74,96.67,2.287767063717161,5.314385828304458,105.985,1.5639799657710645,103.75,0.7946271237157854,-0.3040427664550704,-0.7996760805749625,18.7,19.3,20.4,10.2,10.2,10.2,0.0,0.0,0.05,-0.5999999999999979,0.0,1.9094545089372694
2017-04-01,España,2017,2,110.39,112.43,2.057188509037644,17.4,9.8,0.0,108.2,105.78,105.41,104.55,100.67,2.0240295748613635,5.5858440937350595,107.445,2.3206680072771952,104.965,2.704081632653055,0.7946271237157854,-1.0376861246541025,18.1,18.7,20.1,9.8,10.2,10.2,0.0,0.0,0.0,-0.7000000000000028,0.0,-0.6468931236154107
2017-07-01,España,2017,3,112.43,113.39,1.8465766279030849,16.8,9.8,0.0,110.39,108.2,105.78,105.41,101.34,1.8479934776700846,6.659709704961592,109.20000000000002,2.860384589526356,106.35125,2.057188509037644,2.704081632653055,-0.3040427664550704,17.4,18.1,19.3,9.8,9.8,10.2,0.0,0.0,0.0,-0.5999999999999979,0.0,-0.2106118811345592
2017-10-01,España,2017,4,113.39,114.96,1.553635044201096,16.6,9.8,0.0,112.43,110.39,108.2,105.78,101.31,0.8538646268789307,7.194176592928714,111.1025,2.3041321576679983,107.86125,1.8465766279030849,2.057188509037644,0.7946271237157854,16.8,17.4,18.7,9.8,9.8,10.2,0.0,0.0,0.0,-0.1999999999999993,0.0,-0.29294158370198886
2018-01-01,España,2018,1,114.96,117.9,1.069713528729932,16.1,8.9,0.0,113.39,112.43,110.39,108.2,102.74,1.384601816738673,6.247689463955619,112.7925,1.911236510743686,109.38875,1.553635044201096,1.8465766279030849,2.704081632653055,16.6,16.8,18.1,9.8,9.8,9.8,0.0,0.0,0.0,-0.5,0.0,-0.483921515471164
2018-04-01,España,2018,2,117.9,120.48,1.84285201735217,15.4,8.9,0.0,114.96,113.39,112.43,110.39,104.55,2.557411273486432,6.803152459461903,114.66999999999999,2.3925579059519024,111.05749999999999,1.069713528729932,1.553635044201096,2.057188509037644,16.1,16.6,17.4,8.9,9.8,9.8,0.0,0.0,0.0,-0.7000000000000011,0.0,0.7731384886222381
2018-07-01,España,2018,3,120.48,120.97,2.2639025995393025,14.9,8.9,0.0,117.9,114.96,113.39,112.43,105.41,2.188295165394405,7.160010673307826,116.6825,3.147002542102493,112.94125,1.84285201735217,1.069713528729932,1.8465766279030849,15.4,16.1,16.8,8.9,8.9,9.8,0.0,0.0,0.0,-0.5,0.0,0.4210505821871324
2018-10-01,España,2018,4,120.97,122.88,1.760483320882189,14.5,8.9,0.0,120.48,117.9,114.96,113.39,105.78,0.40670650730412206,6.684892847693802,118.5775,2.762177582994884,114.84,2.2639025995393025,1.84285201735217,1.553635044201096,14.9,15.4,16.6,8.9,8.9,9.8,0.0,0.0,0.0,-0.40000000000000036,0.0,-0.5034192786571134
2019-01-01,España,2019,1,122.88,124.27,1.1304803722393286,14.1,8.5,0.0,120.97,120.48,117.9,114.96,108.2,1.578903860461267,6.889352818371619,120.5575,2.052029483218829,116.675,1.760483320882189,2.2639025995393025,1.069713528729932,14.5,14.9,16.1,8.9,8.9,8.9,0.0,0.0,0.0,-0.40000000000000036,0.0,-0.6300029486428604
2019-04-01,España,2019,2,124.27,126.26,1.06008198821419,14.2,8.5,0.0,122.88,120.97,120.48,117.9,110.39,1.131184895833326,5.40288379983036,122.15,1.7520083713648735,118.41,1.1304803722393286,1.760483320882189,1.84285201735217,14.1,14.5,15.4,8.5,8.9,8.9,0.0,0.0,0.0,0.09999999999999964,0.0,-0.07039838402513854
2019-07-01,España,2019,3,126.26,125.44,0.4343908874445024,14.2,8.5,0.0,124.27,122.88,120.97,120.48,112.43,1.6013518950672045,4.797476759628161,123.595,2.2330621725930206,120.13875,1.06008198821419,1.1304803722393286,2.2639025995393025,14.2,14.1,14.9,8.5,8.5,8.9,0.0,0.0,0.0,0.0,0.0,-0.6256911007696877
2019-10-01,España,2019,4,125.44,126.92,0.501133135433629,13.9,8.5,0.0,126.26,124.27,122.88,120.97,113.39,-0.64945350863298,3.695131024220877,124.71249999999999,1.4694528460164242,121.64500000000001,0.4343908874445024,1.06008198821419,1.760483320882189,14.2,14.2,14.5,8.5,8.5,8.9,0.0,0.0,0.0,-0.29999999999999893,0.0,0.06674224798912665
2020-01-01,España,2020,1,126.92,126.98,0.6901467776949666,13.9,8.2,0.0,125.44,126.26,124.27,122.88,114.96,1.1798469387755084,3.287760416666674,125.7225,1.1419975189694305,123.14,0.501133135433629,0.4343908874445024,1.1304803722393286,13.9,14.2,14.1,8.5,8.5,8.5,0.0,0.0,0.0,0.0,0.0,0.18901364226133754
2020-04-01,España,2020,2,126.98,128.56,-0.6084614165742352,15.5,8.2,0.0,126.92,125.44,126.26,124.27,117.9,0.04727387330603072,2.1807354952925184,126.4,0.7183313998419727,124.275,0.6901467776949666,0.501133135433629,1.06008198821419,13.9,13.9,14.2,8.2,8.5,8.5,0.0,0.0,0.0,1.5999999999999996,0.0,-1.2986081942692018
2020-07-01,España,2020,3,128.56,127.55,-0.6343510716688705,16.5,8.2,0.0,126.98,126.92,125.44,126.26,120.48,1.2442904394392773,1.8216378900681063,126.97500000000001,1.2742971919188273,125.285,-0.6084614165742352,0.6901467776949666,0.4343908874445024,15.5,13.9,14.2,8.2,8.2,8.5,0.0,0.0,0.0,1.0,0.0,-0.025889655094635255
2020-10-01,España,2020,4,127.55,128.12,-0.7781236104935529,16.2,8.2,0.0,128.56,126.98,126.92,125.44,120.97,-0.785625388923461,1.682079081632648,127.50250000000001,0.760016447189676,126.1075,-0.6343510716688705,-0.6084614165742352,0.501133135433629,16.5,15.5,13.9,8.2,8.2,8.5,0.0,0.0,0.0,-0.3000000000000007,0.0,-0.14377253882468244
2021-01-01,España,2021,1,128.12,131.15,0.5148667782211458,15.6,9.9,0.0,127.55,128.56,126.98,126.92,122.88,0.44688357506861287,0.9454774661203924,127.80250000000001,0.6867495904613189,126.7625,-0.7781236104935529,-0.6343510716688705,0.6901467776949666,16.2,16.5,13.9,8.2,8.2,8.2,0.0,0.0,0.0,-0.5999999999999996,0.0,1.2929903887146987
2021-04-01,España,2021,2,131.15,133.92,2.2861333418359164,15.6,9.9,0.0,128.12,127.55,128.56,126.98,124.27,2.3649703403059608,3.2839817294062046,128.845,1.5913202066205012,127.6225,0.5148667782211458,-0.7781236104935529,-0.6084614165742352,15.6,16.2,15.5,9.9,8.2,8.2,0.0,0.0,0.0,0.0,0.0,1.7712665636147706
2021-07-01,España,2021,3,133.92,135.58,3.4015798807029096,14.9,9.9,0.0,131.15,128.12,127.55,128.56,126.26,2.1120853983987553,4.169259489732413,130.185,2.9489489653092735,128.58,2.2861333418359164,0.5148667782211458,-0.6343510716688705,15.6,15.6,16.5,9.9,9.9,8.2,0.0,0.0,0.0,-0.6999999999999993,0.0,1.1154465388669932
2021-10-01,España,2021,4,135.58,139.05,5.822476873339522,13.6,9.9,0.0,133.92,131.15,128.12,127.55,125.44,1.239545997610536,6.295570364562919,132.1925,3.272688751877473,129.8475,3.4015798807029096,2.2861333418359164,-0.7781236104935529,14.9,15.6,16.2,9.9,9.9,8.2,0.0,0.0,0.0,-1.3000000000000007,0.0,2.420896992636612
2022-01-01,España,2022,1,139.05,141.71,7.862722499679853,13.2,9.2,0.0,135.58,133.92,131.15,128.12,126.92,2.559374539017556,8.531064626912265,134.925,3.301782346955273,131.36375,5.822476873339522,3.4015798807029096,0.5148667782211458,13.6,14.9,15.6,9.9,9.9,9.9,0.0,0.0,0.0,-0.40000000000000036,0.0,2.0402456263403312
2022-04-01,España,2022,2,141.71,144.15,8.933915211970067,13.0,9.2,0.0,139.05,135.58,133.92,131.15,126.98,1.9129809421071453,8.051849027830738,137.565,3.4934462449944195,133.205,7.862722499679853,5.822476873339522,2.2861333418359164,13.2,13.6,15.6,9.2,9.9,9.9,0.0,0.0,0.0,-0.1999999999999993,0.0,1.0711927122902143
2022-07-01,España,2022,3,144.15,142.99,10.049890863735556,12.9,9.2,0.5,141.71,139.05,135.58,133.92,128.56,1.7218262649072003,7.638888888888906,140.1225,3.6753900019815022,135.15375,8.933915211970067,7.862722499679853,3.4015798807029096,13.0,13.2,14.9,9.2,9.2,9.9,0.0,0.0,0.0,-0.09999999999999964,0.5,1.1159756517654884
2022-10-01,España,2022,4,142.99,143.98,6.488203266787673,13.1,9.2,1.25,144.15,141.71,139.05,135.58,127.55,-0.8047173083593484,5.465407877268036,141.975,2.189878231013235,137.08375,10.049890863735556,8.933915211970067,5.822476873339522,12.9,13.0,13.6,9.2,9.2,9.9,0.5,0.0,0.0,0.1999999999999993,0.75,-3.5616875969478823
2023-01-01,España,2023,1,143.98,146.97,4.9507301436542805,12.8,8.2,2.5,142.99,144.15,141.71,139.05,128.12,0.6923561088187924,3.5454872348076094,143.2075,1.1217360057810852,139.06625,6.488203266787673,10.049890863735556,7.862722499679853,13.1,12.9,13.2,9.2,9.2,9.2,1.25,0.5,0.0,-0.29999999999999893,1.25,-1.5374731231333927
2023-04-01,España,2023,2,146.97,150.68,2.7814342127854497,12.0,8.2,3.5,143.98,142.99,144.15,141.71,131.15,2.076677316293929,3.711805800578638,144.5225,1.7099585764960605,141.04375000000002,4.9507301436542805,6.488203266787673,8.933915211970067,12.8,13.1,13.0,8.2,9.2,9.2,2.5,1.25,0.0,-0.8000000000000007,1.0,-2.169295930868831
2023-07-01,España,2023,3,150.68,149.13,2.5954155214915176,12.0,8.2,4.25,146.97,143.98,142.99,144.15,133.92,2.5243246921140328,4.530003468609078,146.155,3.458694358665692,143.13875,2.7814342127854497,4.9507301436542805,10.049890863735556,12.0,12.8,12.9,8.2,8.2,9.2,3.5,2.5,0.5,0.0,0.75,-0.18601869129393211
2023-10-01,España,2023,4,149.13,153.18,3.33759409174832,11.9,8.2,4.5,150.68,146.97,143.98,142.99,135.58,-1.028670029200962,4.294006573886278,147.69,2.903802105286452,144.8325,2.5954155214915176,2.7814342127854497,6.488203266787673,12.0,12.0,13.1,8.2,8.2,9.2,4.25,3.5,1.25,-0.09999999999999964,0.25,0.7421785702568022
2024-01-01,España,2024,1,153.18,158.63,3.2352941176470478,11.7,7.8,4.5,149.13,150.68,146.97,143.98,139.05,2.7157513578756953,6.389776357827492,149.99,2.6148422514560186,146.59875,3.33759409174832,2.5954155214915176,4.9507301436542805,11.9,12.0,12.8,8.2,8.2,8.2,4.5,4.25,2.5,-0.20000000000000107,0.0,-0.102299974101272
2024-04-01,España,2024,2,158.63,163.12,3.585945765354404,11.6,7.8,4.5,153.18,149.13,150.68,146.97,141.71,3.557905731818778,7.933591889501246,152.905,4.1654331507459315,148.71375,3.2352941176470478,3.33759409174832,2.7814342127854497,11.7,11.9,12.0,7.8,8.2,8.2,4.5,4.5,3.5,-0.09999999999999964,0.0,0.35065164770735624
2024-07-01,España,2024,3,163.12,166.07,2.3143417382418763,11.3,7.8,4.25,158.63,153.18,149.13,150.68,144.15,2.8304860366891615,8.255906556941861,156.01500000000001,6.130788421293534,151.085,3.585945765354404,3.2352941176470478,2.5954155214915176,11.6,11.7,12.0,7.8,7.8,8.2,4.5,4.5,4.25,-0.29999999999999893,-0.25,-1.2716040271125277
2024-10-01,España,2024,4,166.07,172.0,2.350192413413965,10.8,7.8,3.4,163.12,158.63,153.18,149.13,142.99,1.8084845512505998,11.359216790719495,160.25,5.618973809039095,153.97,2.3143417382418763,3.585945765354404,3.33759409174832,11.3,11.6,11.9,7.8,7.8,8.2,4.25,4.5,4.5,-0.5,-0.8500000000000001,0.03585067517208884
2025-01-01,España,2025,1,172.0,178.89,2.665461319307472,10.8,7.2,3.15,166.07,163.12,158.63,153.18,143.98,3.570783404588429,12.286199242720986,164.95499999999998,5.605000743383952,157.4725,2.350192413413965,2.3143417382418763,3.2352941176470478,10.8,11.3,11.7,7.8,7.8,7.8,3.4,4.25,4.5,0.0,-0.25,0.315268905893507
2025-04-01,España,2025,2,178.89,184.06,2.1636295221200808,10.6,7.2,2.4,172.0,166.07,163.12,158.63,146.97,4.0058139534883574,12.771859043056155,170.01999999999998,6.971604310821755,161.4625,2.665461319307472,2.350192413413965,3.585945765354404,10.8,10.8,11.6,7.2,7.8,7.8,3.15,3.4,4.5,-0.20000000000000107,-0.75,-0.5018317971873913
2025-07-01,España,2025,3,184.06,187.45,2.812643398925685,10.5,7.2,2.15,178.89,172.0,166.07,163.12,150.68,2.8900441612164096,12.837175085826381,175.255,7.867665896990621,165.635,2.1636295221200808,2.665461319307472,2.3143417382418763,10.6,10.8,11.3,7.2,7.2,7.8,2.4,3.15,4.25,-0.09999999999999964,-0.25,0.6490138768056042
2016-01-01,Francia,2016,1,99.73,100.24,0.0435817493043666,10.3,5.2,0.05,100.15,100.92,99.55,99.38,101.33,-0.41937094358462934,0.3521835379352023,100.0875,0.6092823647538215,100.47874999999999,0.1769675114360991,0.1400326742906577,-0.2374581939799336,10.3,10.3,10.4,5.7,5.7,5.7,0.05,0.05,0.05,0.0,0.0,-0.1333857621317325
2016-04-01,Francia,2016,2,100.24,102.36,0.0929152148664291,10.0,5.2,0.0,99.73,100.15,100.92,99.55,101.53,0.5113807279655047,0.6931190356604722,100.25999999999999,0.4929503017546536,100.3175,0.0435817493043666,0.1769675114360991,0.266178672433881,10.3,10.3,10.4,5.2,5.7,5.7,0.05,0.05,0.05,-0.3000000000000007,-0.05,0.04933346556206251
2016-07-01,Francia,2016,3,102.36,101.84,0.4261694689528861,9.9,5.2,0.0,100.24,99.73,100.15,100.92,102.29,2.1149241819632847,1.4268727705113005,100.62,1.1811011811017709,100.32625,0.0929152148664291,0.0435817493043666,0.1400326742906577,10.0,10.3,10.3,5.2,5.2,5.7,0.0,0.05,0.05,-0.09999999999999964,0.0,0.333254254086457
2016-10-01,Francia,2016,4,101.84,102.53,0.6566228918072348,10.1,5.2,0.0,102.36,100.24,99.73,100.15,100.28,-0.5080109417741285,1.687468796804792,101.0425,1.256778288588192,100.52125,0.4261694689528861,0.0929152148664291,0.1769675114360991,9.9,10.0,10.3,5.2,5.2,5.7,0.0,0.0,0.05,0.1999999999999993,0.0,0.23045342285434867
2017-01-01,Francia,2017,1,102.53,103.53,1.457677099390109,9.6,5.0,0.0,101.84,102.36,100.24,99.73,99.38,0.6775333857030663,2.8075804672615945,101.74249999999999,1.043787174986674,100.91499999999999,0.6566228918072348,0.4261694689528861,0.0435817493043666,10.1,9.9,10.3,5.2,5.2,5.2,0.0,0.0,0.05,-0.5,0.0,0.8010542075828742
2017-04-01,Francia,2017,2,103.53,105.65,1.0310645492822346,9.5,5.0,0.0,102.53,101.84,102.36,100.24,99.55,0.975324295328206,3.28212290502794,102.56500000000001,0.70713035101975,101.4125,1.457677099390109,0.6566228918072348,0.0929152148664291,9.6,10.1,10.0,5.0,5.2,5.2,0.0,0.0,0.0,-0.09999999999999964,0.0,-0.42661255010787436
2017-07-01,Francia,2017,3,105.65,105.24,0.9481815469283504,9.5,5.0,0.0,103.53,102.53,101.84,102.36,100.92,2.0477156379793415,3.214146150840169,103.3875,1.6602484753795166,102.00375000000001,1.0310645492822346,1.457677099390109,0.4261694689528861,9.5,9.6,9.9,5.0,5.0,5.2,0.0,0.0,0.0,0.0,0.0,-0.08288300235388413
2017-10-01,Francia,2017,4,105.24,105.51,1.2152720288751029,9.0,5.0,0.0,105.65,103.53,102.53,101.84,100.15,-0.3880738286796137,3.338570306362909,104.2375,1.4624494293251196,102.64000000000001,0.9481815469283504,1.0310645492822346,0.6566228918072348,9.5,9.5,10.1,5.0,5.0,5.2,0.0,0.0,0.0,-0.5,0.0,0.26709048194675244
2018-01-01,Francia,2018,1,105.51,106.42,1.5060937345179548,9.3,4.7,0.0,105.24,105.65,103.53,102.53,99.73,0.2565564424173328,2.906466400078034,104.9825,0.9831708905373834,103.36250000000001,1.2152720288751029,0.9481815469283504,1.457677099390109,9.0,9.5,9.6,5.0,5.0,5.0,0.0,0.0,0.0,0.3000000000000007,0.0,0.2908217056428519
2018-04-01,Francia,2018,2,106.42,108.65,2.14609175034457,9.1,4.7,0.0,105.51,105.24,105.65,103.53,100.24,0.8624774902852739,2.791461412151075,105.705,0.5061291007902652,104.135,1.5060937345179548,1.2152720288751029,1.0310645492822346,9.3,9.0,9.5,4.7,5.0,5.0,0.0,0.0,0.0,-0.20000000000000107,0.0,0.639998015826615
2018-07-01,Francia,2018,3,108.65,108.58,2.555092121251912,8.9,4.7,0.0,106.42,105.51,105.24,105.65,102.36,2.0954707761698943,2.839564600094646,106.45500000000001,1.5479556410526765,104.92125,2.14609175034457,1.5060937345179548,0.9481815469283504,9.1,9.3,9.5,4.7,4.7,5.0,0.0,0.0,0.0,-0.1999999999999993,0.0,0.4090003709073424
2018-10-01,Francia,2018,4,108.58,108.55,2.1854347968330856,8.8,4.7,0.0,108.65,106.42,105.51,105.24,101.84,-0.06442705936493542,3.1736982136070013,107.29,1.574695737806774,105.76375,2.555092121251912,2.14609175034457,1.2152720288751029,8.9,9.1,9.0,4.7,4.7,5.0,0.0,0.0,0.0,-0.09999999999999964,0.0,-0.3696573244188266
2019-01-01,Francia,2019,1,108.55,109.85,1.4251781472684133,8.7,5.5,0.0,108.58,108.65,106.42,105.51,102.53,-0.027629397679129752,2.8812434840299384,108.05000000000001,1.087474137623591,106.51625,2.1854347968330856,2.555092121251912,1.5060937345179548,8.8,8.9,9.3,4.7,4.7,4.7,0.0,0.0,0.0,-0.10000000000000142,0.0,-0.7602566495646723
2019-04-01,Francia,2019,2,109.85,112.33,1.3042919557954225,8.4,5.5,0.0,108.55,108.58,108.65,106.42,103.53,1.197604790419149,3.223078368727683,108.9075,0.6297287775967577,107.30625,1.4251781472684133,2.1854347968330856,2.14609175034457,8.7,8.8,9.1,5.5,4.7,4.7,0.0,0.0,0.0,-0.29999999999999893,0.0,-0.12088619147299084
2019-07-01,Francia,2019,3,112.33,112.69,1.2136932782528032,8.3,5.5,0.0,109.85,108.55,108.58,108.65,105.65,2.2576240327719654,3.387022549470764,109.8275,1.7749436610777802,108.14125,1.3042919557954225,1.4251781472684133,2.555092121251912,8.4,8.7,8.9,5.5,5.5,4.7,0.0,0.0,0.0,-0.09999999999999964,0.0,-0.0905986775426193
2019-10-01,Francia,2019,4,112.69,113.87,1.2518409425626098,8.3,5.5,0.0,112.33,109.85,108.55,108.58,105.24,0.32048428736757284,3.785227482040887,110.85499999999999,1.9887936041732004,109.0725,1.2136932782528032,1.3042919557954225,2.1854347968330856,8.3,8.4,8.8,5.5,5.5,4.7,0.0,0.0,0.0,0.0,0.0,0.03814766430980665
2020-01-01,Francia,2020,1,113.87,115.52,1.328157582368239,7.9,5.6,0.0,112.69,112.33,109.85,108.55,105.51,1.0471204188481797,4.9009672961768835,112.185,1.6899211026949155,110.11749999999999,1.2518409425626098,1.2136932782528032,1.4251781472684133,8.3,8.3,8.7,5.5,5.5,5.5,0.0,0.0,0.0,-0.40000000000000036,0.0,0.0763166398056292
2020-04-01,Francia,2020,2,115.52,117.8,0.3329739328977954,7.2,5.6,0.0,113.87,112.69,112.33,109.85,106.42,1.449020813208035,5.161583978152029,113.60249999999999,1.43762245855218,111.255,1.328157582368239,1.2518409425626098,1.3042919557954225,7.9,8.3,8.4,5.6,5.5,5.5,0.0,0.0,0.0,-0.7000000000000002,0.0,-0.9951836494704436
2020-07-01,Francia,2020,3,117.8,119.27,0.36069100803644,8.9,5.6,0.0,115.52,113.87,112.69,112.33,108.65,1.9736842105263275,4.86958069972403,114.97,2.2150846484954685,112.39875,0.3329739328977954,1.328157582368239,1.2136932782528032,7.2,7.9,8.3,5.6,5.6,5.5,0.0,0.0,0.0,1.7000000000000002,0.0,0.027717075138644576
2020-10-01,Francia,2020,4,119.27,120.15,0.0853754940711271,8.1,5.6,0.0,117.8,115.52,113.87,112.69,108.58,1.2478777589134182,5.839027420356735,116.61500000000001,2.3935538431379113,113.735,0.36069100803644,0.3329739328977954,1.2518409425626098,8.9,7.2,8.3,5.6,5.6,5.5,0.0,0.0,0.0,-0.8000000000000007,0.0,-0.2753155139653129
2021-01-01,Francia,2021,1,120.15,122.12,0.965648250751916,8.2,5.6,0.0,119.27,117.8,115.52,113.87,108.55,0.7378217489729222,5.515061034513047,118.185,2.0239318170334277,115.185,0.0853754940711271,0.36069100803644,1.328157582368239,8.1,8.9,7.9,5.6,5.6,5.6,0.0,0.0,0.0,0.09999999999999964,0.0,0.8802727566807889
2021-04-01,Francia,2021,2,122.12,126.11,1.7636461329372022,8.0,5.6,0.0,120.15,119.27,117.8,115.52,109.85,1.6396171452351282,5.713296398891976,119.83500000000001,1.8056300839319706,116.71875,0.965648250751916,0.0853754940711271,0.3329739328977954,8.2,8.1,7.2,5.6,5.6,5.6,0.0,0.0,0.0,-0.1999999999999993,0.0,0.7979978821852862
2021-07-01,Francia,2021,3,126.11,127.52,2.2005044136191643,7.9,5.6,0.0,122.12,120.15,119.27,117.8,112.33,3.267278087127412,7.054329371816648,121.91250000000001,3.0414511339161954,118.44125,1.7636461329372022,0.965648250751916,0.36069100803644,8.0,8.2,8.9,5.6,5.6,5.6,0.0,0.0,0.0,-0.09999999999999964,0.0,0.4368582806819621
2021-10-01,Francia,2021,4,127.52,128.6,3.333122709465441,7.5,5.6,0.0,126.11,122.12,120.15,119.27,112.69,1.1180715248592543,6.9170788966211205,123.975,3.4252445168192054,120.295,2.2005044136191643,1.7636461329372022,0.0853754940711271,7.9,8.0,8.1,5.6,5.6,5.6,0.0,0.0,0.0,-0.40000000000000036,0.0,1.1326182958462767
2022-01-01,Francia,2022,1,128.6,130.83,4.189401066164944,7.4,6.5,0.0,127.52,126.11,122.12,120.15,113.87,0.8469259723964839,7.0328755722014025,126.0875,2.8346825219061107,122.13625,3.333122709465441,2.2005044136191643,0.965648250751916,7.5,7.9,8.2,5.6,5.6,5.6,0.0,0.0,0.0,-0.09999999999999964,0.0,0.8562783566995029
2022-04-01,Francia,2022,2,130.83,134.34,5.913594434264069,7.5,6.5,0.0,128.6,127.52,126.11,122.12,115.52,1.7340590979782355,7.132328856862102,128.265,1.9908540880737535,124.05000000000001,4.189401066164944,3.333122709465441,1.7636461329372022,7.4,7.5,8.0,6.5,5.6,5.6,0.0,0.0,0.0,0.09999999999999964,0.0,1.724193368099125
2022-07-01,Francia,2022,3,134.34,133.5,6.524153248195441,7.2,6.5,0.5,130.83,128.6,127.52,126.11,117.8,2.682870901169454,6.526048687653629,130.3225,3.0121351784628194,126.11749999999999,5.913594434264069,4.189401066164944,2.2005044136191643,7.5,7.4,7.9,6.5,6.5,5.6,0.0,0.0,0.0,-0.2999999999999998,0.5,0.6105588139313722
2022-10-01,Francia,2022,4,133.5,132.32,6.958755006573525,7.2,6.5,1.25,134.34,130.83,128.6,127.52,119.27,-0.625279142474322,4.689460476787954,131.8175,2.6154206162680262,127.89625,6.524153248195441,5.913594434264069,3.333122709465441,7.2,7.5,7.5,6.5,6.5,5.6,0.5,0.0,0.0,0.0,0.75,0.4346017583780837
2023-01-01,Francia,2023,1,132.32,131.72,7.003551435622701,7.1,6.5,2.5,133.5,134.34,130.83,128.6,120.15,-0.8838951310861431,2.892690513219276,132.7475,1.5233597736581277,129.4175,6.958755006573525,6.524153248195441,4.189401066164944,7.2,7.2,7.4,6.5,6.5,6.5,1.25,0.5,0.0,-0.10000000000000053,1.25,0.04479642904917647
2023-04-01,Francia,2023,2,131.72,132.25,6.0731356851705165,7.3,6.5,3.5,132.32,133.5,134.34,130.83,122.12,-0.45344619105198714,0.680272108843516,132.97,1.1751311983489647,130.6175,7.003551435622701,6.958755006573525,5.913594434264069,7.1,7.2,7.5,6.5,6.5,6.5,2.5,1.25,0.0,0.20000000000000018,1.0,-0.9304157504521848
2023-07-01,Francia,2023,3,132.25,128.73,5.484608924796564,7.4,6.5,4.25,131.72,132.32,133.5,134.34,126.11,0.4023686607956378,-1.5557540568706285,132.4475,0.7510603615332443,131.385,6.0731356851705165,7.003551435622701,6.524153248195441,7.3,7.1,7.2,6.5,6.5,6.5,3.5,2.5,0.5,0.10000000000000053,0.75,-0.5885267603739521
2023-10-01,Francia,2023,4,128.73,125.96,4.170597147185751,7.6,6.5,4.5,132.25,131.72,132.32,133.5,127.52,-2.661625708884696,-3.573033707865181,131.255,1.7045136158642482,131.53625,5.484608924796564,6.0731356851705165,6.958755006573525,7.4,7.3,7.2,6.5,6.5,6.5,4.25,3.5,1.25,0.1999999999999993,0.25,-1.3140117776108138
2024-01-01,Francia,2024,1,125.96,125.68,3.001153207886831,7.5,7.0,4.5,128.73,132.25,131.72,132.32,128.6,-2.15179056940884,-4.806529625151146,129.665,2.915847504014372,131.20624999999998,4.170597147185751,5.484608924796564,7.003551435622701,7.6,7.4,7.1,6.5,6.5,6.5,4.5,4.25,2.5,-0.09999999999999964,0.0,-1.1694439392989198
2024-04-01,Francia,2024,2,125.68,127.64,2.504699767776186,7.4,7.0,4.5,125.96,128.73,132.25,131.72,130.83,-0.22229279136232183,-4.585484360765257,128.155,3.057411759424473,130.5625,3.001153207886831,4.170597147185751,6.0731356851705165,7.5,7.6,7.3,7.0,6.5,6.5,4.5,4.5,3.5,-0.09999999999999964,0.0,-0.49645344011064463
2024-07-01,Francia,2024,3,127.64,126.28,2.10832624152415,7.5,7.0,4.25,125.68,125.96,128.73,132.25,134.34,1.5595162316995426,-3.4858223062381843,127.0025,1.4406566789722084,129.725,2.504699767776186,3.001153207886831,5.484608924796564,7.4,7.5,7.4,7.0,7.0,6.5,4.5,4.5,4.25,0.09999999999999964,-0.25,-0.39637352625203626
2024-10-01,Francia,2024,4,126.28,126.54,1.6738927610998378,7.3,7.0,3.4,127.64,125.68,125.96,128.73,133.5,-1.0654967094954504,-1.9032082653616,126.38999999999999,0.8686387818500895,128.8225,2.10832624152415,2.504699767776186,4.170597147185751,7.5,7.4,7.6,7.0,7.0,6.5,4.25,4.5,4.5,-0.20000000000000018,-0.8500000000000001,-0.4344334804243122
2025-01-01,Francia,2025,1,126.54,126.54,1.2124522119060677,7.4,6.4,3.15,126.28,127.64,125.68,125.96,132.32,0.20589166930631286,0.46046363925056344,126.535,0.8199796745452387,128.1,1.6738927610998378,2.10832624152415,3.001153207886831,7.3,7.5,7.5,7.0,7.0,7.0,3.4,4.25,4.5,0.10000000000000053,-0.25,-0.4614405491937701
2025-04-01,Francia,2025,2,126.54,128.48,0.7929230271319865,7.6,6.4,2.4,126.54,126.28,127.64,125.68,131.72,0.0,0.684277530235522,126.75,0.6058602699197895,127.45249999999999,1.2124522119060677,1.6738927610998378,2.504699767776186,7.4,7.3,7.4,6.4,7.0,7.0,3.15,3.4,4.5,0.1999999999999993,-0.75,-0.4195291847740812
2025-07-01,Francia,2025,3,128.48,127.56,0.9463637585697128,7.8,6.4,2.15,126.54,126.54,126.28,127.64,132.25,1.5331120594278325,0.658100908806003,126.96000000000001,1.0207187010470764,126.98124999999999,0.7929230271319865,1.2124522119060677,2.10832624152415,7.6,7.4,7.5,6.4,6.4,7.0,2.4,3.15,4.25,0.20000000000000018,-0.25,0.1534407314377263
2016-01-01,Italia,2016,1,99.8,100.5,0.0,11.5,9.6,0.05,99.8,100.7,99.8,99.7,105.7,0.0,0.10030090270811698,100.025,0.4499999999999749,101.2375,0.1657275439177929,0.3023177695666845,-0.1347254968002587,11.7,11.5,12.4,8.6,8.6,8.6,0.05,0.05,0.05,-0.1999999999999993,0.0,-0.1657275439177929
2016-04-01,Italia,2016,2,100.5,100.7,-0.2974223397224196,11.8,9.6,0.0,99.8,99.8,100.7,99.8,104.7,0.7014028056112176,0.7014028056112176,100.2,0.46904157598233076,100.7125,0.0,0.1657275439177929,0.0992391663910075,11.5,11.7,12.4,9.6,8.6,8.6,0.05,0.05,0.05,0.3000000000000007,-0.05,-0.2974223397224196
2016-07-01,Italia,2016,3,100.7,100.0,-0.0669792364367261,11.8,9.6,0.0,100.5,99.8,99.8,100.7,103.5,0.19900497512437276,0.0,100.2,0.46904157598233076,100.36250000000001,-0.2974223397224196,0.0,0.3023177695666845,11.8,11.5,11.5,9.6,9.6,8.6,0.0,0.05,0.05,0.0,0.0,0.2304431032856935
2016-10-01,Italia,2016,4,100.0,99.1,0.1654533421574955,11.9,9.6,0.0,100.7,100.5,99.8,99.8,101.9,-0.6951340615690249,0.20040080160321772,100.25,0.42031734043060537,100.125,-0.0669792364367261,-0.2974223397224196,0.1657275439177929,11.8,11.8,11.7,9.6,9.6,8.6,0.0,0.0,0.05,0.09999999999999964,0.0,0.2324325785942216
2017-01-01,Italia,2017,1,99.1,99.6,1.3490725126475756,11.6,8.2,0.0,100.0,100.7,100.5,99.8,99.7,-0.9000000000000008,-0.7014028056112287,100.07499999999999,0.7135591542869091,100.05,0.1654533421574955,-0.0669792364367261,0.0,11.9,11.8,11.5,9.6,9.6,9.6,0.0,0.0,0.05,-0.3000000000000007,0.0,1.18361917049008
2017-04-01,Italia,2017,2,99.6,99.2,1.5909844216108748,11.2,8.2,0.0,99.1,100.0,100.7,100.5,99.8,0.5045408678102881,-0.8955223880597107,99.85,0.6757711644237512,100.02499999999999,1.3490725126475756,0.1654533421574955,-0.2974223397224196,11.6,11.9,11.8,8.2,9.6,9.6,0.0,0.0,0.0,-0.40000000000000036,0.0,0.24191190896329928
2017-07-01,Italia,2017,3,99.2,98.8,1.3069705093833983,11.3,8.2,0.0,99.6,99.1,100.0,100.7,100.7,-0.40160642570280514,-1.4895729890764597,99.475,0.41129875597501586,99.8375,1.5909844216108748,1.3490725126475756,-0.0669792364367261,11.2,11.6,11.8,8.2,8.2,9.6,0.0,0.0,0.0,0.10000000000000142,0.0,-0.2840139122274765
2017-10-01,Italia,2017,4,98.8,98.6,1.0571522960026505,10.9,8.2,0.0,99.2,99.6,99.1,100.0,99.8,-0.40322580645162365,-1.200000000000001,99.175,0.33040379335983666,99.7125,1.3069705093833983,1.5909844216108748,0.1654533421574955,11.3,11.2,11.9,8.2,8.2,9.6,0.0,0.0,0.0,-0.40000000000000036,0.0,-0.24981821338074783
2018-01-01,Italia,2018,1,98.6,99.2,0.8652246256239726,10.9,8.2,0.0,98.8,99.2,99.6,99.1,99.8,-0.2024291497975783,-0.5045408678102881,99.05000000000001,0.44347115652155006,99.5625,1.0571522960026505,1.3069705093833983,1.3490725126475756,10.9,11.3,11.6,8.2,8.2,8.2,0.0,0.0,0.0,0.0,0.0,-0.19192767037867786
2018-04-01,Italia,2018,2,99.2,98.4,0.978792822185981,10.8,8.2,0.0,98.6,98.8,99.2,99.6,100.5,0.6085192697768749,-0.40160642570280514,98.95,0.2999999999998153,99.39999999999999,0.8652246256239726,1.0571522960026505,1.5909844216108748,10.9,10.9,11.2,8.2,8.2,8.2,0.0,0.0,0.0,-0.09999999999999964,0.0,0.11356819656200834
2018-07-01,Italia,2018,3,98.4,98.3,1.6539861065167027,10.1,8.2,0.0,99.2,98.6,98.8,99.2,100.7,-0.8064516129032251,-0.8064516129032251,98.75,0.3415650255318004,99.11250000000001,0.978792822185981,0.8652246256239726,1.3069705093833983,10.8,10.9,11.3,8.2,8.2,8.2,0.0,0.0,0.0,-0.7000000000000011,0.0,0.6751932843307218
2018-10-01,Italia,2018,4,98.3,97.7,1.471068976789791,10.5,8.2,0.0,98.4,99.2,98.6,98.8,100.0,-0.1016260162601701,-0.5060728744939236,98.625,0.40311288741475837,98.9,1.6539861065167027,0.978792822185981,1.0571522960026505,10.1,10.8,10.9,8.2,8.2,8.2,0.0,0.0,0.0,0.40000000000000036,0.0,-0.18291712972691165
2019-01-01,Italia,2019,1,97.7,99.1,1.0227647641042337,10.4,8.7,0.0,98.3,98.4,99.2,98.6,99.1,-0.6103763987792443,-0.9127789046653012,98.39999999999999,0.6164414002967736,98.72500000000001,1.471068976789791,1.6539861065167027,0.8652246256239726,10.5,10.1,10.9,8.2,8.2,8.2,0.0,0.0,0.0,-0.09999999999999964,0.0,-0.4483042126855574
2019-04-01,Italia,2019,2,99.1,98.8,0.904684975767367,9.9,8.7,0.0,97.7,98.3,98.4,99.2,99.6,1.4329580348003912,-0.10080645161291146,98.375,0.5737304826018128,98.6625,1.0227647641042337,1.471068976789791,0.978792822185981,10.4,10.5,10.8,8.7,8.2,8.2,0.0,0.0,0.0,-0.5,0.0,-0.11807978833686672
2019-07-01,Italia,2019,3,98.8,98.5,0.3254149040025966,9.8,8.7,0.0,99.1,97.7,98.3,98.4,99.2,-0.3027245206861706,0.40650406504063596,98.475,0.6130524719248613,98.6125,0.904684975767367,1.0227647641042337,1.6539861065167027,9.9,10.4,10.1,8.7,8.7,8.2,0.0,0.0,0.0,-0.09999999999999964,0.0,-0.5792700717647703
2019-10-01,Italia,2019,4,98.5,99.4,0.2899484536082575,9.7,8.7,0.0,98.8,99.1,97.7,98.3,98.8,-0.30364372469635637,0.20345879959309254,98.525,0.6020797289394932,98.575,0.3254149040025966,0.904684975767367,1.471068976789791,9.8,9.9,10.5,8.7,8.7,8.2,0.0,0.0,0.0,-0.10000000000000142,0.0,-0.0354664503943391
2020-01-01,Italia,2020,1,99.4,102.4,0.2286087524493885,8.9,7.2,0.0,98.5,98.8,99.1,97.7,98.6,0.9137055837563413,1.7400204708290623,98.95,0.3872983346206104,98.675,0.2899484536082575,0.3254149040025966,1.0227647641042337,9.7,9.8,10.4,8.7,8.7,8.7,0.0,0.0,0.0,-0.7999999999999989,0.0,-0.061339701158869
2020-04-01,Italia,2020,2,102.4,99.8,-0.1921229586935857,8.0,7.2,0.0,99.4,98.5,98.8,99.1,99.2,3.0181086519114775,3.3299697275479323,99.775,1.7895530168173261,99.075,0.2286087524493885,0.2899484536082575,0.904684975767367,8.9,9.7,9.9,7.2,8.7,8.7,0.0,0.0,0.0,-0.9000000000000004,0.0,-0.4207317111429742
2020-07-01,Italia,2020,3,99.8,100.0,-0.2270515731430333,10.8,7.2,0.0,102.4,99.4,98.5,98.8,98.4,-2.539062500000011,1.0121457489878471,100.025,1.6740669042783254,99.25,-0.1921229586935857,0.2286087524493885,0.3254149040025966,8.0,8.9,9.8,7.2,7.2,8.7,0.0,0.0,0.0,2.8000000000000007,0.0,-0.03492861444944759
2020-10-01,Italia,2020,4,100.0,101.1,-0.3854802441374816,9.7,7.2,0.0,99.8,102.4,99.4,98.5,98.3,0.20040080160321772,1.522842639593902,100.4,1.3564659966250725,99.4625,-0.2270515731430333,-0.1921229586935857,0.2899484536082575,10.8,8.0,9.7,7.2,7.2,8.7,0.0,0.0,0.0,-1.1000000000000014,0.0,-0.15842867099444832
2021-01-01,Italia,2021,1,101.1,102.8,0.7494297816878381,10.1,7.2,0.0,100.0,99.8,102.4,99.4,97.7,1.0999999999999899,1.7102615694164935,100.825,1.1954775893619949,99.88749999999999,-0.3854802441374816,-0.2270515731430333,0.2286087524493885,9.7,10.8,8.9,7.2,7.2,7.2,0.0,0.0,0.0,0.40000000000000036,0.0,1.1349100258253197
2021-04-01,Italia,2021,2,102.8,103.9,1.1549566891241758,9.7,7.2,0.0,101.1,100.0,99.8,102.4,99.1,1.6815034619188873,0.390625,100.92499999999998,1.3744695946679835,100.35000000000001,0.7494297816878381,-0.3854802441374816,-0.1921229586935857,10.1,9.7,8.0,7.2,7.2,7.2,0.0,0.0,0.0,-0.40000000000000036,0.0,0.4055269074363377
2021-07-01,Italia,2021,3,103.9,104.0,2.113133940182044,9.3,7.2,0.0,102.8,101.1,100.0,99.8,98.8,1.070038910505855,4.108216432865741,101.95,1.736855396015136,100.9875,1.1549566891241758,0.7494297816878381,-0.2270515731430333,9.7,10.1,10.8,7.2,7.2,7.2,0.0,0.0,0.0,-0.3999999999999986,0.0,0.9581772510578683
2021-10-01,Italia,2021,4,104.0,105.7,3.740728797162207,9.0,7.2,0.0,103.9,102.8,101.1,100.0,98.5,0.09624639076033503,4.0000000000000036,102.95,1.3478377746105044,101.675,2.113133940182044,1.1549566891241758,-0.3854802441374816,9.3,9.7,9.7,7.2,7.2,7.2,0.0,0.0,0.0,-0.3000000000000007,0.0,1.627594856980163
2022-01-01,Italia,2022,1,105.7,108.1,6.015523932729638,8.2,6.6,0.0,104.0,103.9,102.8,101.1,99.4,1.6346153846153788,4.549950544015835,104.1,1.197218999738047,102.4625,3.740728797162207,2.113133940182044,0.7494297816878381,9.0,9.3,10.1,7.2,7.2,7.2,0.0,0.0,0.0,-0.8000000000000007,0.0,2.274795135567431
2022-04-01,Italia,2022,2,108.1,106.9,7.358071677767186,8.1,6.6,0.0,105.7,104.0,103.9,102.8,102.4,2.270577105014193,5.155642023346307,105.42500000000001,1.9653244007034913,103.175,6.015523932729638,3.740728797162207,1.1549566891241758,8.2,9.0,9.7,6.6,7.2,7.2,0.0,0.0,0.0,-0.09999999999999964,0.0,1.3425477450375478
2022-07-01,Italia,2022,3,106.9,106.8,8.946195479146768,8.2,6.6,0.5,108.1,105.7,104.0,103.9,99.8,-1.1100832562442098,2.887391722810384,106.175,1.7500000000001736,104.0625,7.358071677767186,6.015523932729638,2.113133940182044,8.1,8.2,9.3,6.6,6.6,7.2,0.0,0.0,0.0,0.09999999999999964,0.5,1.5881238013795818
2022-10-01,Italia,2022,4,106.8,106.8,12.496114392290949,7.9,6.6,1.25,106.9,108.1,105.7,104.0,100.0,-0.0935453695042221,2.6923076923076827,106.875,0.9810708435177671,104.9125,8.946195479146768,7.358071677767186,3.740728797162207,8.2,8.1,9.0,6.6,6.6,7.2,0.5,0.0,0.0,-0.29999999999999893,0.75,3.5499189131441806
2023-01-01,Italia,2023,1,106.8,108.8,9.517998779743753,7.8,5.7,2.5,106.8,106.9,108.1,105.7,101.1,0.0,1.0406811731314969,107.15,0.6350852961091296,105.625,12.496114392290949,8.946195479146768,6.015523932729638,7.9,8.2,8.2,6.6,6.6,6.6,1.25,0.5,0.0,-0.10000000000000053,1.25,-2.978115612547196
2023-04-01,Italia,2023,2,108.8,108.7,7.769571639586426,7.6,5.7,3.5,106.8,106.8,106.9,108.1,102.8,1.8726591760299671,0.647548566142464,107.32499999999999,0.984462628375183,106.375,9.517998779743753,12.496114392290949,7.358071677767186,7.8,7.9,8.1,5.7,6.6,6.6,2.5,1.25,0.0,-0.20000000000000018,1.0,-1.748427140157327
2023-07-01,Italia,2023,3,108.7,108.7,5.815312682641727,7.8,5.7,4.25,108.8,106.8,106.8,106.9,103.9,-0.09191176470587648,1.6838166510757757,107.775,1.1265729744084156,106.975,7.769571639586426,9.517998779743753,8.946195479146768,7.6,7.8,8.2,5.7,5.7,6.6,3.5,2.5,0.5,0.20000000000000018,0.75,-1.9542589569446989
2023-10-01,Italia,2023,4,108.7,108.5,0.9671179883945946,7.5,5.7,4.5,108.7,108.8,106.8,106.8,104.0,0.0,1.7790262172284743,108.25,0.9678154093976126,107.5625,5.815312682641727,7.769571639586426,12.496114392290949,7.8,7.6,7.9,5.7,5.7,6.6,4.25,3.5,1.25,-0.2999999999999998,0.25,-4.848194694247132
2024-01-01,Italia,2024,1,108.5,112.0,1.0027855153203369,7.2,5.1,4.5,108.7,108.7,108.8,106.8,105.7,-0.18399264029439477,1.5917602996254665,108.675,0.1258305739244858,107.9125,0.9671179883945946,5.815312682641727,9.517998779743753,7.5,7.8,7.8,5.7,5.7,5.7,4.5,4.25,2.5,-0.2999999999999998,0.0,0.035667526925742266
2024-04-01,Italia,2024,2,112.0,112.8,0.8771929824561431,6.7,5.1,4.5,108.5,108.7,108.7,108.8,108.1,3.2258064516129004,2.941176470588247,109.475,1.6859715300090028,108.4,1.0027855153203369,0.9671179883945946,7.769571639586426,7.2,7.5,7.6,5.1,5.7,5.7,4.5,4.5,3.5,-0.5,0.0,-0.1255925328641938
2024-07-01,Italia,2024,3,112.8,113.5,1.187517260425297,6.2,5.1,4.25,112.0,108.5,108.7,108.7,106.9,0.7142857142857117,3.771849126034943,110.5,2.2196095752784193,109.13749999999999,0.8771929824561431,1.0027855153203369,5.815312682641727,6.7,7.2,7.8,5.1,5.1,5.7,4.5,4.5,4.25,-0.5,-0.25,0.31032427796915396
2024-10-01,Italia,2024,4,113.5,113.3,1.286261631089225,6.0,5.1,3.4,112.8,112.0,108.5,108.7,106.8,0.6205673758865382,4.415823367065319,111.7,2.219609575278439,109.975,1.187517260425297,0.8771929824561431,0.9671179883945946,6.2,6.7,7.5,5.1,5.1,5.7,4.25,4.5,4.5,-0.20000000000000018,-0.8500000000000001,0.09874437066392794
2025-01-01,Italia,2025,1,113.3,116.4,1.8477661334804107,6.3,5.0,3.15,113.5,112.8,112.0,108.5,106.8,-0.17621145374450142,4.423963133640552,112.9,0.6683312551929677,110.78750000000001,1.286261631089225,1.187517260425297,1.0027855153203369,6.0,6.2,7.2,5.1,5.1,5.1,3.4,4.25,4.5,0.2999999999999998,-0.25,0.5615045023911858
2025-04-01,Italia,2025,2,116.4,117.0,1.847826086956528,6.6,5.0,2.4,113.3,113.5,112.8,112.0,108.8,2.7360988526037078,3.928571428571437,114.0,1.6268579122553606,111.7375,1.8477661334804107,1.286261631089225,0.8771929824561431,6.3,6.0,6.7,5.0,5.1,5.1,3.15,3.4,4.5,0.2999999999999998,-0.75,5.99534761172027e-05
2025-07-01,Italia,2025,3,117.0,118.1,1.7194323144104962,6.2,5.0,2.15,116.4,113.3,113.5,112.8,108.7,0.5154639175257714,3.7234042553191626,115.05,1.9226717521896228,112.775,1.847826086956528,1.8477661334804107,1.187517260425297,6.6,6.3,6.2,5.0,5.0,5.1,2.4,3.15,4.25,-0.39999999999999947,-0.25,-0.1283937725460318
2016-01-01,Países Bajos,2016,1,102.52,104.03,0.354346652267834,7.4,10.7,0.05,101.5,101.02,99.2,98.29,95.82,1.004926108374371,4.30359141316512,101.06,1.3888124423405874,99.14375000000001,0.4223794039757367,0.5091175296153327,-0.4668973161801815,7.7,7.8,8.0,14.9,14.9,14.9,0.05,0.05,0.05,-0.2999999999999998,0.0,-0.06803275170790268
2016-04-01,Países Bajos,2016,2,104.03,106.58,-0.2052436440677763,7.2,10.7,0.0,102.52,101.5,101.02,99.2,96.37,1.4728833398361285,4.868951612903216,102.2675,1.3310991698592864,100.10125,0.354346652267834,0.4223794039757367,0.3788130524357003,7.4,7.7,7.9,10.7,14.9,14.9,0.05,0.05,0.05,-0.20000000000000018,-0.05,-0.5595902963356103
2016-07-01,Países Bajos,2016,3,106.58,108.03,-0.1887104783976134,6.9,10.7,0.0,104.03,102.52,101.5,101.02,96.94,2.451215995385936,5.503860621659085,103.6575,2.2082025118483743,101.30625,-0.2052436440677763,0.354346652267834,0.5091175296153327,7.2,7.4,7.8,10.7,10.7,14.9,0.0,0.05,0.05,-0.2999999999999998,0.0,0.016533165670162886
2016-10-01,Países Bajos,2016,4,108.03,110.2,0.463998397703369,6.5,10.7,0.0,106.58,104.03,102.52,101.5,97.31,1.3604803903171314,6.43349753694582,105.29,2.4787227893951465,102.64625000000001,-0.1887104783976134,-0.2052436440677763,0.4223794039757367,6.9,7.2,7.7,10.7,10.7,14.9,0.0,0.0,0.05,-0.40000000000000036,0.0,0.6527088761009824
2017-01-01,Países Bajos,2017,1,110.2,112.06,1.3047718330699176,6.3,9.4,0.0,108.03,106.58,104.03,102.52,98.29,2.008701286679626,7.491221225126821,107.21,2.5898391198425608,104.13499999999999,0.463998397703369,-0.1887104783976134,0.354346652267834,6.5,6.9,7.4,10.7,10.7,10.7,0.0,0.0,0.05,-0.20000000000000018,0.0,0.8407734353665486
2017-04-01,Países Bajos,2017,2,112.06,115.22,1.0415975585484016,6.1,9.4,0.0,110.2,108.03,106.58,104.03,99.2,1.6878402903811152,7.718927232529071,109.2175,2.4091267435871684,105.74249999999999,1.3047718330699176,0.463998397703369,-0.2052436440677763,6.3,6.5,7.2,9.4,10.7,10.7,0.0,0.0,0.0,-0.20000000000000018,0.0,-0.263174274521516
2017-07-01,Países Bajos,2017,3,115.22,117.74,1.4760514793684454,5.7,9.4,0.0,112.06,110.2,108.03,106.58,101.02,2.8199179011243913,8.106586601613808,111.3775,3.04537217211081,107.5175,1.0415975585484016,1.3047718330699176,-0.1887104783976134,6.1,6.3,6.9,9.4,9.4,10.7,0.0,0.0,0.0,-0.39999999999999947,0.0,0.43445392082004375
2017-10-01,Países Bajos,2017,4,117.74,120.32,1.3523391812865435,5.4,9.4,0.0,115.22,112.06,110.2,108.03,101.5,2.1871202916160293,8.988244006294543,113.80499999999999,3.343027569933219,109.5475,1.4760514793684454,1.0415975585484016,0.463998397703369,5.7,6.1,6.5,9.4,9.4,10.7,0.0,0.0,0.0,-0.2999999999999998,0.0,-0.12371229808190187
2018-01-01,Países Bajos,2018,1,120.32,122.64,1.2514522821576612,5.2,9.4,0.0,117.74,115.22,112.06,110.2,102.52,2.1912688975709083,9.183303085299443,116.335,3.5295467131064147,111.7725,1.3523391812865435,1.4760514793684454,1.3047718330699176,5.4,5.7,6.3,9.4,9.4,9.4,0.0,0.0,0.0,-0.20000000000000018,0.0,-0.10088689912888227
2018-04-01,Países Bajos,2018,2,122.64,126.45,1.526592252133918,5.0,9.4,0.0,120.32,117.74,115.22,112.06,104.03,1.9281914893617191,9.441370694270933,118.97999999999999,3.207615937109734,114.09875,1.2514522821576612,1.3523391812865435,1.0415975585484016,5.2,5.4,6.1,9.4,9.4,9.4,0.0,0.0,0.0,-0.20000000000000018,0.0,0.27513996997625667
2018-07-01,Países Bajos,2018,3,126.45,128.2,1.7912594384336122,4.8,9.4,0.0,122.64,120.32,117.74,115.22,106.58,3.106653620352251,9.746571775733393,121.7875,3.6969119996740205,116.5825,1.526592252133918,1.2514522821576612,1.4760514793684454,5.0,5.2,5.7,9.4,9.4,9.4,0.0,0.0,0.0,-0.20000000000000018,0.0,0.2646671862996943
2018-10-01,Países Bajos,2018,4,128.2,130.34,1.829328262793828,4.6,9.4,0.0,126.45,122.64,120.32,117.74,108.03,1.383946223803867,8.883981654492956,124.4025,3.5770786497737372,119.10374999999999,1.7912594384336122,1.526592252133918,1.3523391812865435,4.8,5.0,5.4,9.4,9.4,9.4,0.0,0.0,0.0,-0.20000000000000018,0.0,0.03806882436021586
2019-01-01,Países Bajos,2019,1,130.34,132.15,2.4686905776670542,4.6,9.9,0.0,128.2,126.45,122.64,120.32,110.2,1.6692667706708297,8.327792553191493,126.9075,3.2595232268948693,121.62124999999999,1.829328262793828,1.7912594384336122,1.2514522821576612,4.6,4.8,5.2,9.4,9.4,9.4,0.0,0.0,0.0,0.0,0.0,0.6393623148732261
2019-04-01,Países Bajos,2019,2,132.15,134.49,2.700080840743757,4.4,9.9,0.0,130.34,128.2,126.45,122.64,112.06,1.3886757710602993,7.7544031311154615,129.28500000000003,2.4856722766018855,124.1325,2.4686905776670542,1.829328262793828,1.526592252133918,4.6,4.6,5.0,9.9,9.4,9.4,0.0,0.0,0.0,-0.1999999999999993,0.0,0.23139026307670285
2019-07-01,Países Bajos,2019,3,134.49,136.54,2.8065893837705858,4.3,9.9,0.0,132.15,130.34,128.2,126.45,115.22,1.770715096481279,6.358244365361809,131.29500000000002,2.67270774060077,126.54124999999999,2.700080840743757,2.4686905776670542,1.7912594384336122,4.4,4.6,4.8,9.9,9.9,9.4,0.0,0.0,0.0,-0.10000000000000053,0.0,0.10650854302682866
2019-10-01,Países Bajos,2019,4,136.54,139.3,2.7236727729306853,4.4,9.9,0.0,134.49,132.15,130.34,128.2,117.74,1.5242768979106147,6.505460218408743,133.38,2.7063012889675226,128.89124999999999,2.8065893837705858,2.700080840743757,1.829328262793828,4.3,4.4,4.6,9.9,9.9,9.4,0.0,0.0,0.0,0.10000000000000053,0.0,-0.08291661083990043
2020-01-01,Países Bajos,2020,1,139.3,142.6,1.3309870420732617,4.2,8.3,0.0,136.54,134.49,132.15,130.34,120.32,2.0213856745276315,6.874328678839969,135.62,3.039002029175699,131.26375000000002,2.7236727729306853,2.8065893837705858,2.4686905776670542,4.4,4.3,4.6,9.9,9.9,9.9,0.0,0.0,0.0,-0.20000000000000018,0.0,-1.3926857308574236
2020-04-01,Países Bajos,2020,2,142.6,146.0,1.2374055415617091,4.9,8.3,0.0,139.3,136.54,134.49,132.15,122.64,2.3689877961234673,7.907680665909944,138.23250000000002,3.515938708225818,133.75875000000002,1.3309870420732617,2.7236727729306853,2.700080840743757,4.2,4.4,4.4,8.3,9.9,9.9,0.0,0.0,0.0,0.7000000000000002,0.0,-0.09358150051155256
2020-07-01,Países Bajos,2020,3,146.0,148.37,0.9714196470404612,5.3,8.3,0.0,142.6,139.3,136.54,134.49,126.45,2.384291725105192,8.558257119488433,141.11,4.094435247992152,136.2025,1.2374055415617091,1.3309870420732617,2.8065893837705858,4.9,4.2,4.3,8.3,8.3,9.9,0.0,0.0,0.0,0.39999999999999947,0.0,-0.2659858945212479
2020-10-01,Países Bajos,2020,4,148.37,153.72,0.915159682828226,5.1,8.3,0.0,146.0,142.6,139.3,136.54,128.2,1.6232876712328759,8.664127728138293,144.0675,3.963528520565197,138.72375,0.9714196470404612,1.2374055415617091,2.7236727729306853,5.3,4.9,4.4,8.3,8.3,9.9,0.0,0.0,0.0,-0.20000000000000018,0.0,-0.056259964212235225
2021-01-01,Países Bajos,2021,1,153.72,160.55,1.7839664045972814,4.8,8.3,0.0,148.37,146.0,142.6,139.3,130.34,3.6058502392666947,10.351758793969834,147.67249999999999,4.675691570951501,141.64625,0.915159682828226,0.9714196470404612,1.3309870420732617,5.1,5.3,4.2,8.3,8.3,8.3,0.0,0.0,0.0,-0.2999999999999998,0.0,0.8688067217690554
2021-04-01,Países Bajos,2021,2,160.55,169.59,1.8038752215967515,4.4,8.3,0.0,153.72,148.37,146.0,142.6,132.15,4.443143377569614,12.587657784011231,152.16,6.458467310438301,145.19625,1.7839664045972814,0.915159682828226,1.2374055415617091,4.8,5.1,4.9,8.3,8.3,8.3,0.0,0.0,0.0,-0.39999999999999947,0.0,0.019908816999470114
2021-07-01,Países Bajos,2021,3,169.59,175.9,2.354142176576146,4.0,8.3,0.0,160.55,153.72,148.37,146.0,134.49,5.630644658984729,16.157534246575356,158.0575,9.162835714631855,149.58375,1.8038752215967515,1.7839664045972814,0.9714196470404612,4.4,4.8,5.3,8.3,8.3,8.3,0.0,0.0,0.0,-0.40000000000000036,0.0,0.5502669549793946
2021-10-01,Países Bajos,2021,4,175.9,182.94,5.347992173669991,3.8,8.3,0.0,169.59,160.55,153.72,148.37,136.54,3.7207382510761278,18.554963941497604,164.94,9.779308087317105,154.50375,2.354142176576146,1.8038752215967515,0.915159682828226,4.0,4.4,5.1,8.3,8.3,8.3,0.0,0.0,0.0,-0.20000000000000018,0.0,2.993849997093845
2022-01-01,Países Bajos,2022,1,182.94,188.58,8.85035364189104,3.6,10.0,0.0,175.9,169.59,160.55,153.72,139.3,4.002274019329155,19.008587041373936,172.245,9.514271736011363,159.95875,5.347992173669991,2.354142176576146,1.7839664045972814,3.8,4.0,4.8,8.3,8.3,8.3,0.0,0.0,0.0,-0.19999999999999973,0.0,3.502361468221049
2022-04-01,Países Bajos,2022,2,188.58,189.95,10.43900650719458,3.4,10.0,0.0,182.94,175.9,169.59,160.55,142.6,3.0829780255821726,17.45873559638742,179.2525,8.270491218784843,165.70625,8.85035364189104,5.347992173669991,1.8038752215967515,3.6,3.8,4.4,10.0,8.3,8.3,0.0,0.0,0.0,-0.20000000000000018,0.0,1.5886528653035406
2022-07-01,Países Bajos,2022,3,189.95,185.89,14.114304711820358,3.6,10.0,0.5,188.58,182.94,175.9,169.59,146.0,0.7264821296001589,12.005424848163205,184.3425,6.393832314556195,171.20000000000002,10.43900650719458,8.85035364189104,2.354142176576146,3.4,3.6,4.0,10.0,10.0,8.3,0.0,0.0,0.0,0.20000000000000018,0.5,3.6752982046257774
2022-10-01,Países Bajos,2022,4,185.89,183.14,13.018484124878404,3.6,10.0,1.25,189.95,188.58,182.94,175.9,148.37,-2.1374045801526687,5.679363274587823,186.84,3.099042862992165,175.89,14.114304711820358,10.43900650719458,5.347992173669991,3.6,3.4,3.8,10.0,10.0,8.3,0.5,0.0,0.0,0.0,0.75,-1.0958205869419544
2023-01-01,Países Bajos,2023,1,183.14,180.92,7.238735786143824,3.6,9.3,2.5,185.89,189.95,188.58,182.94,153.72,-1.4793695196083756,0.1093254619000783,186.89,3.0156370250185405,179.5675,13.018484124878404,14.114304711820358,8.85035364189104,3.6,3.6,3.6,10.0,10.0,10.0,1.25,0.5,0.0,0.0,1.25,-5.77974833873458
2023-04-01,Países Bajos,2023,2,180.92,182.91,6.323651452282153,3.6,9.3,3.5,183.14,185.89,189.95,188.58,160.55,-1.212187397619302,-4.061936578640379,184.975,3.890077120057671,182.11375,7.238735786143824,13.018484124878404,10.43900650719458,3.6,3.6,3.4,9.3,10.0,10.0,2.5,1.25,0.0,0.0,1.0,-0.915084333861671
2023-07-01,Países Bajos,2023,3,182.91,186.07,2.751807611833579,3.6,9.3,4.25,180.92,183.14,185.89,189.95,169.59,1.09993367234138,-3.7062384838115303,183.21499999999997,2.0429798497936775,183.77875,6.323651452282153,7.238735786143824,14.114304711820358,3.6,3.6,3.6,9.3,9.3,10.0,3.5,2.5,0.5,0.0,0.75,-3.571843840448574
2023-10-01,Países Bajos,2023,4,186.07,189.87,0.4434358452669595,3.5,9.3,4.5,182.91,180.92,183.14,185.89,175.9,1.727625608222616,0.09683145946528526,183.26,2.1219959157979043,185.05,2.751807611833579,6.323651452282153,13.018484124878404,3.6,3.6,3.6,9.3,9.3,10.0,4.25,3.5,1.25,-0.10000000000000009,0.25,-2.3083717665666192
2024-01-01,Países Bajos,2024,1,189.87,194.81,2.9684551808445647,3.7,6.9,4.5,186.07,182.91,180.92,183.14,182.94,2.0422421669264335,3.6747843180080952,184.9425,3.909947783112042,185.91625,0.4434358452669595,2.751807611833579,7.238735786143824,3.5,3.6,3.6,9.3,9.3,9.3,4.5,4.25,2.5,0.20000000000000018,0.0,2.525019335577605
2024-04-01,Países Bajos,2024,2,194.81,201.98,2.8697054844416536,3.7,6.9,4.5,189.87,186.07,182.91,180.92,188.58,2.6017801653763106,7.677426486845018,188.41500000000002,5.1256576813773025,186.695,2.9684551808445647,0.4434358452669595,6.323651452282153,3.7,3.5,3.6,6.9,9.3,9.3,4.5,4.5,3.5,0.0,0.0,-0.09874969640291109
2024-07-01,Países Bajos,2024,3,201.98,206.31,3.350860913496212,3.6,6.9,4.25,194.81,189.87,186.07,182.91,189.95,3.6805092141060536,10.425892515444746,193.18249999999998,6.870348729625081,188.19875,2.8697054844416536,2.9684551808445647,2.751807611833579,3.7,3.7,3.6,6.9,6.9,9.3,4.5,4.5,4.25,-0.10000000000000009,-0.25,0.4811554290545583
2024-10-01,Países Bajos,2024,4,206.31,210.27,3.682447347235573,3.7,6.9,3.4,201.98,194.81,189.87,186.07,185.89,2.1437766115457,10.877626699629172,198.2425,7.3242582104487814,190.75124999999997,3.350860913496212,2.8697054844416536,0.4434358452669595,3.6,3.7,3.5,6.9,6.9,9.3,4.25,4.5,4.5,0.10000000000000009,-0.8500000000000001,0.33158643373936103
2025-01-01,Países Bajos,2025,1,210.27,213.35,3.2880813503329387,3.8,6.5,3.15,206.31,201.98,194.81,189.87,183.14,1.9194416169841633,10.744193395481116,203.3425,6.619573878530648,194.14249999999998,3.682447347235573,3.350860913496212,2.9684551808445647,3.7,3.6,3.7,6.9,6.9,6.9,3.4,4.25,4.5,0.09999999999999964,-0.25,-0.3943659969026343
2025-04-01,Países Bajos,2025,2,213.35,217.61,3.2170768102379954,3.8,6.5,2.4,210.27,206.31,201.98,194.81,180.92,1.46478337375755,9.516965248190544,207.9775,4.928484385013737,198.19625,3.2880813503329387,3.682447347235573,2.8697054844416536,3.8,3.7,3.7,6.5,6.9,6.9,3.15,3.4,4.5,0.0,-0.75,-0.07100454009494328
2025-07-01,Países Bajos,2025,3,217.61,219.01,2.641161213088594,3.9,6.5,2.15,213.35,210.27,206.31,201.98,182.91,1.9967190063276297,7.738389939597989,211.88500000000002,4.782283276147853,202.53375,3.2170768102379954,3.2880813503329387,3.350860913496212,3.8,3.8,3.6,6.5,6.5,6.9,2.4,3.15,4.25,0.10000000000000009,-0.25,-0.5759155971494012
2016-01-01,UE-27,2016,1,102.01,103.75,-0.0067233670622446,9.6,10.9,0.05,101.09,100.81,99.83,98.27,96.88,0.9100801266198388,3.805841050167924,100.935,0.8974593769822435,99.5175,0.170124758155965,0.2770083102493048,-0.3517352271204421,9.9,10.0,10.6,11.2,11.2,11.2,0.05,0.05,0.05,-0.3000000000000007,0.0,-0.1768481252182096
2016-04-01,UE-27,2016,2,103.75,105.36,-0.1689972827887742,9.4,10.9,0.0,102.01,101.09,100.81,99.83,97.85,1.7057151259680436,3.926675348091768,101.91499999999999,1.3263860674780958,100.255,-0.0067233670622446,0.170124758155965,0.3491504006916335,9.6,9.9,10.3,10.9,11.2,11.2,0.05,0.05,0.05,-0.1999999999999993,-0.05,-0.1622739157265296
2016-07-01,UE-27,2016,3,105.36,106.11,0.196365572788415,9.1,10.9,0.0,103.75,102.01,101.09,100.81,98.29,1.5518072289156581,4.513441126872331,103.05250000000001,1.8929056148330927,101.13875,-0.1689972827887742,-0.0067233670622446,0.2770083102493048,9.4,9.6,10.0,10.9,10.9,11.2,0.0,0.05,0.05,-0.3000000000000007,0.0,0.36536285557718917
2016-10-01,UE-27,2016,4,106.11,106.88,0.699323986812761,8.9,10.9,0.0,105.36,103.75,102.01,101.09,97.99,0.7118451025057038,4.965871995251758,104.3075,1.8208125475548809,102.15375,0.196365572788415,-0.1689972827887742,0.170124758155965,9.1,9.4,9.9,10.9,10.9,11.2,0.0,0.0,0.05,-0.1999999999999993,0.0,0.5029584140243459
2017-01-01,UE-27,2017,1,106.88,108.76,1.7078500588334045,8.7,10.1,0.0,106.11,105.36,103.75,102.01,98.27,0.7256620488172549,4.774041760611691,105.525,1.3361761360938234,103.23,0.699323986812761,0.196365572788415,-0.0067233670622446,8.9,9.1,9.6,10.9,10.9,10.9,0.0,0.0,0.05,-0.20000000000000107,0.0,1.0085260720206435
2017-04-01,UE-27,2017,2,108.76,110.39,1.516911740299398,8.3,10.1,0.0,106.88,106.11,105.36,103.75,99.83,1.7589820359281472,4.828915662650601,106.7775,1.4600998824281202,104.34625,1.7078500588334045,0.699323986812761,-0.1689972827887742,8.7,8.9,9.4,10.1,10.9,10.9,0.0,0.0,0.0,-0.3999999999999986,0.0,-0.19093831853400656
2017-07-01,UE-27,2017,3,110.39,111.19,1.508055140342135,8.2,10.1,0.0,108.76,106.88,106.11,105.36,100.81,1.4987127620448737,4.7741078208048515,108.035,1.9245172554868435,105.54375,1.516911740299398,1.7078500588334045,0.196365572788415,8.3,8.7,9.1,10.1,10.1,10.9,0.0,0.0,0.0,-0.10000000000000142,0.0,-0.008856599957262956
2017-10-01,UE-27,2017,4,111.19,112.26,1.5079863752108125,7.9,10.1,0.0,110.39,108.76,106.88,106.11,101.09,0.7247033245765033,4.787484685703514,109.30499999999999,1.906838570339212,106.80625,1.508055140342135,1.516911740299398,0.699323986812761,8.2,8.3,8.9,10.1,10.1,10.9,0.0,0.0,0.0,-0.29999999999999893,0.0,-6.876513132247908e-05
2018-01-01,UE-27,2018,1,112.26,114.22,1.3354047532476263,7.7,9.6,0.0,111.19,110.39,108.76,106.88,102.01,0.9623167551038758,5.033682634730541,110.65,1.4746072923550289,108.0875,1.5079863752108125,1.508055140342135,1.7078500588334045,7.9,8.2,8.7,10.1,10.1,10.1,0.0,0.0,0.0,-0.20000000000000018,0.0,-0.17258162196318616
2018-04-01,UE-27,2018,2,114.22,115.93,1.7688987705990034,7.5,9.6,0.0,112.26,111.19,110.39,108.76,103.75,1.7459469089613266,5.020228025009188,112.015,1.657638883070323,109.39625000000001,1.3354047532476263,1.5079863752108125,1.516911740299398,7.7,7.9,8.3,9.6,10.1,10.1,0.0,0.0,0.0,-0.20000000000000018,0.0,0.43349401735137705
2018-07-01,UE-27,2018,3,115.93,116.81,2.1564841781471777,7.2,9.6,0.0,114.22,112.26,111.19,110.39,105.36,1.497110838732274,5.018570522692278,113.4,2.102141764962573,110.7175,1.7688987705990034,1.3354047532476263,1.508055140342135,7.5,7.7,8.2,9.6,9.6,10.1,0.0,0.0,0.0,-0.2999999999999998,0.0,0.3875854075481744
2018-10-01,UE-27,2018,4,116.81,117.58,1.9091057175435688,7.2,9.6,0.0,115.93,114.22,112.26,111.19,106.11,0.7590787544207611,5.054411367928768,114.805,2.0087226455303906,112.055,2.1564841781471777,1.7688987705990034,1.5079863752108125,7.2,7.5,7.9,9.6,9.6,10.1,0.0,0.0,0.0,0.0,0.0,-0.2473784606036089
2019-01-01,UE-27,2019,1,117.58,119.78,1.5396157484424355,7.0,9.4,0.0,116.81,115.93,114.22,112.26,106.88,0.6591901378306675,4.738998752895052,116.135,1.443710497295056,113.3925,1.9091057175435688,2.1564841781471777,1.3354047532476263,7.2,7.2,7.7,9.6,9.6,9.6,0.0,0.0,0.0,-0.20000000000000018,0.0,-0.3694899691011333
2019-04-01,UE-27,2019,2,119.78,121.54,1.612851405622484,6.8,9.4,0.0,117.58,116.81,115.93,114.22,108.76,1.8710665079095135,4.86779898441605,117.525,1.6475537421684465,114.77,1.5396157484424355,1.9091057175435688,1.7688987705990034,7.0,7.2,7.5,9.4,9.6,9.6,0.0,0.0,0.0,-0.20000000000000018,0.0,0.07323565718004854
2019-07-01,UE-27,2019,3,121.54,122.69,1.230059581010945,6.8,9.4,0.0,119.78,117.58,116.81,115.93,110.39,1.4693604942394467,4.839127059432413,118.92750000000001,2.1487573928513313,116.16375000000001,1.612851405622484,1.5396157484424355,2.1564841781471777,6.8,7.0,7.2,9.4,9.4,9.6,0.0,0.0,0.0,0.0,0.0,-0.38279182461153916
2019-10-01,UE-27,2019,4,122.69,124.43,1.291518813337178,6.7,9.4,0.0,121.54,119.78,117.58,116.81,111.19,0.9461905545499416,5.033815597979618,120.39750000000001,2.2271412917309994,117.60125,1.230059581010945,1.612851405622484,1.9091057175435688,6.8,6.8,7.2,9.4,9.4,9.6,0.0,0.0,0.0,-0.09999999999999964,0.0,0.06145923232623307
2020-01-01,UE-27,2020,1,124.43,126.28,1.4873590542580972,6.6,7.8,0.0,122.69,121.54,119.78,117.58,112.26,1.418208492949713,5.825820717809149,122.11000000000001,1.9555561868685503,119.1225,1.291518813337178,1.230059581010945,1.5396157484424355,6.7,6.8,7.0,9.4,9.4,9.4,0.0,0.0,0.0,-0.10000000000000053,0.0,0.19584024092091923
2020-04-01,UE-27,2020,2,126.28,128.05,0.6039143769563937,7.0,7.8,0.0,124.43,122.69,121.54,119.78,114.22,1.486779715502684,5.426615461679751,123.735,2.0712395644476143,120.63,1.4873590542580972,1.291518813337178,1.612851405622484,6.6,6.7,6.8,7.8,9.4,9.4,0.0,0.0,0.0,0.40000000000000036,0.0,-0.8834446773017035
2020-07-01,UE-27,2020,3,128.05,129.8,0.4619960761977237,7.9,7.8,0.0,126.28,124.43,122.69,121.54,115.93,1.4016471333544667,5.3562613131479475,125.3625,2.3148992058690427,122.14500000000001,0.6039143769563937,1.4873590542580972,1.230059581010945,7.0,6.6,6.8,7.8,7.8,9.4,0.0,0.0,0.0,0.9000000000000004,0.0,-0.14191830075867
2020-10-01,UE-27,2020,4,129.8,132.1,0.2114565251696287,7.5,7.8,0.0,128.05,126.28,124.43,122.69,116.81,1.3666536509176153,5.795093324639344,127.14,2.308491570990263,123.76875000000001,0.4619960761977237,0.6039143769563937,1.291518813337178,7.9,7.0,6.7,7.8,7.8,9.4,0.0,0.0,0.0,-0.40000000000000036,0.0,-0.250539551028095
2021-01-01,UE-27,2021,1,132.1,135.91,1.3800962268928796,7.5,8.7,0.0,129.8,128.05,126.28,124.43,117.58,1.7719568567026167,6.164108334003049,129.0575,2.48580469868405,125.58375000000001,0.2114565251696287,0.4619960761977237,1.4873590542580972,7.5,7.9,6.6,7.8,7.8,7.8,0.0,0.0,0.0,0.0,0.0,1.1686397017232508
2021-04-01,UE-27,2021,2,135.91,140.18,2.1780124457854155,7.3,8.7,0.0,132.1,129.8,128.05,126.28,119.78,2.8841786525359625,7.625910674691161,131.465,3.395865132775394,127.60000000000001,1.3800962268928796,0.2114565251696287,0.6039143769563937,7.5,7.5,7.0,8.7,7.8,7.8,0.0,0.0,0.0,-0.20000000000000018,0.0,0.7979162188925359
2021-07-01,UE-27,2021,3,140.18,143.16,3.0899584225777987,6.9,8.7,0.0,135.91,132.1,129.8,128.05,121.54,3.1417850047825935,9.4728621632175,134.4975,4.549742666715674,129.93,2.1780124457854155,1.3800962268928796,0.4619960761977237,7.3,7.5,7.9,8.7,8.7,7.8,0.0,0.0,0.0,-0.39999999999999947,0.0,0.9119459767923832
2021-10-01,UE-27,2021,4,143.16,146.21,4.938271604938271,6.5,8.7,0.0,140.18,135.91,132.1,129.8,122.69,2.1258382080182603,10.292758089368249,137.8375,4.845976853707247,132.48875,3.0899584225777987,2.1780124457854155,0.2114565251696287,6.9,7.3,7.5,8.7,8.7,7.8,0.0,0.0,0.0,-0.40000000000000036,0.0,1.8483131823604726
2022-01-01,UE-27,2022,1,146.21,149.58,6.547396028475094,6.2,8.7,0.0,143.16,140.18,135.91,132.1,124.43,2.130483375244485,10.681302043906138,141.365,4.391556292098095,135.21125,4.938271604938271,3.0899584225777987,1.3800962268928796,6.5,6.9,7.5,8.7,8.7,8.7,0.0,0.0,0.0,-0.2999999999999998,0.0,1.609124423536823
2022-04-01,UE-27,2022,2,149.58,150.9,8.827781366306775,6.2,8.7,0.0,146.21,143.16,140.18,135.91,126.28,2.3049039053416376,10.058126701493642,144.7825,4.036057275774594,138.12375,6.547396028475094,4.938271604938271,2.1780124457854155,6.2,6.5,7.3,8.7,8.7,8.7,0.0,0.0,0.0,0.0,0.0,2.2803853378316807
2022-07-01,UE-27,2022,3,150.9,148.74,10.290567997800103,6.2,8.7,0.5,149.58,146.21,143.16,140.18,128.05,0.882470918571987,7.647310600656287,147.4625,3.482359114163808,140.98000000000002,8.827781366306775,6.547396028475094,3.0899584225777987,6.2,6.2,6.9,8.7,8.7,8.7,0.0,0.0,0.0,0.0,0.5,1.4627866314933282
2022-10-01,UE-27,2022,4,148.74,147.59,10.99639855942378,6.1,8.7,1.25,150.9,149.58,146.21,143.16,129.8,-1.4314115308151076,3.8977367979882827,148.85750000000002,1.9762654173970937,143.3475,10.290567997800103,8.827781366306775,4.938271604938271,6.2,6.2,6.5,8.7,8.7,8.7,0.5,0.0,0.0,-0.10000000000000053,0.75,0.7058305616236762
2023-01-01,UE-27,2023,1,147.59,148.19,9.403663003663,6.1,8.8,2.5,148.74,150.9,149.58,146.21,132.1,-0.7731612209224137,0.9438478900211988,149.20250000000001,1.3949999999998959,145.28375,10.99639855942378,10.290567997800103,6.547396028475094,6.1,6.2,6.2,8.7,8.7,8.7,1.25,0.5,0.0,0.0,1.25,-1.592735555760779
2023-04-01,UE-27,2023,2,148.19,149.15,7.215737260111354,6.0,8.8,3.5,147.59,148.74,150.9,149.58,135.91,0.4065316078325054,-0.9292686187993171,148.855,1.4419546918447381,146.81875000000002,9.403663003663,10.99639855942378,8.827781366306775,6.1,6.1,6.2,8.8,8.7,8.7,2.5,1.25,0.0,-0.09999999999999964,1.0,-2.187925743551647
2023-07-01,UE-27,2023,3,149.15,148.87,5.673601684350493,6.1,8.8,4.25,148.19,147.59,148.74,150.9,140.18,0.6478169916998455,-1.159708416169647,148.41750000000002,0.6775138374968666,147.94,7.215737260111354,9.403663003663,10.290567997800103,6.0,6.1,6.2,8.8,8.8,8.7,3.5,2.5,0.5,0.09999999999999964,0.75,-1.5421355757608604
2023-10-01,UE-27,2023,4,148.87,149.81,3.390655418559363,6.1,8.8,4.5,149.15,148.19,147.59,148.74,143.16,-0.18773047267851561,0.08740083366949314,148.45,0.7008566187172153,148.65375,5.673601684350493,7.215737260111354,10.99639855942378,6.1,6.0,6.1,8.8,8.8,8.7,4.25,3.5,1.25,0.0,0.25,-2.2829462657911304
2024-01-01,UE-27,2024,1,149.81,152.68,2.841913537258267,6.1,8.2,4.5,148.87,149.15,148.19,147.59,146.21,0.6314233895345023,1.504166948980279,149.005,0.671192967781785,149.10375,3.390655418559363,5.673601684350493,9.403663003663,6.1,6.1,6.1,8.8,8.8,8.8,4.5,4.25,2.5,0.0,0.0,-0.5487418813010958
2024-04-01,UE-27,2024,2,152.68,155.08,2.641429851847943,6.0,8.2,4.5,149.81,148.87,149.15,148.19,149.58,1.9157599626193234,3.029894054929483,150.1275,1.7466992681435076,149.49125,2.841913537258267,3.390655418559363,7.215737260111354,6.1,6.1,6.0,8.2,8.8,8.8,4.5,4.5,3.5,-0.09999999999999964,0.0,-0.20048368541032424
2024-07-01,UE-27,2024,3,155.08,156.23,2.438065277231627,5.9,8.2,4.25,152.68,149.81,148.87,149.15,150.9,1.5719151165836998,3.975863224941345,151.61,2.824499955744346,150.01375,2.641429851847943,2.841913537258267,5.673601684350493,6.0,6.1,6.1,8.2,8.2,8.8,4.5,4.5,4.25,-0.09999999999999964,-0.25,-0.20336457461631596
2024-10-01,UE-27,2024,4,156.23,158.44,2.5105915581358884,5.8,8.2,3.4,155.08,152.68,149.81,148.87,148.74,0.7415527469692984,4.943910794653039,153.45,2.841818666511501,150.95,2.438065277231627,2.641429851847943,3.390655418559363,5.9,6.0,6.1,8.2,8.2,8.8,4.25,4.5,4.5,-0.10000000000000053,-0.8500000000000001,0.0725262809042615
2025-01-01,UE-27,2025,1,158.44,160.91,2.6670139341059995,6.0,7.7,3.15,156.23,155.08,152.68,149.81,147.59,1.414581066376508,5.7606301314999,155.60750000000002,2.398546434822541,152.30625,2.5105915581358884,2.438065277231627,2.841913537258267,5.8,5.9,6.1,8.2,8.2,8.2,3.4,4.25,4.5,0.20000000000000018,-0.25,0.1564223759701111
2025-04-01,UE-27,2025,2,160.91,163.48,2.3191904664064067,6.0,7.7,2.4,158.44,156.23,155.08,152.68,148.19,1.5589497601615765,5.390358920618277,157.665,2.5737197464629533,153.89625,2.6670139341059995,2.5105915581358884,2.641429851847943,6.0,5.8,6.0,7.7,8.2,8.2,3.15,3.4,4.5,0.0,-0.75,-0.3478234676995928
2025-07-01,UE-27,2025,3,163.48,164.85,2.454254638515696,6.1,7.7,2.15,160.91,158.44,156.23,155.08,149.15,1.5971661177055507,5.416559195254056,159.765,3.1285832789512584,155.6875,2.3191904664064067,2.6670139341059995,2.438065277231627,6.0,6.0,5.9,7.7,7.7,8.2,2.4,3.15,4.25,0.09999999999999964,-0.25,0.13506417210928934
